,job_title,min_experience,avg_salary,min_salary,max_salary,num_of_salaries
0,Data Scientist,2,7.8L,4.5L,16.0L,841
1,Data Scientist,2,12.8L,5.8L,23.0L,501
2,Data Scientist,2,13.4L,5.3L,25.0L,394
3,Data Scientist,2,9.8L,5.0L,18.0L,318
4,Data Scientist,2,8.6L,4.8L,14.6L,300
5,Data Scientist,2,9.3L,4.5L,24.0L,228
6,Data Scientist,2,9.7L,4.5L,18.2L,225
7,Data Scientist,2,7.6L,4.1L,15.4L,218
8,Data Scientist,2,15.9L,10.0L,23.0L,166
9,Data Scientist,2,14.2L,7.0L,25.0L,163
10,Data Scientist,3,14.6L,6.0L,26.9L,152
11,Data Scientist,2,9.8L,4.5L,20.3L,152
12,Data Scientist,2,28.1L,9.5L,50.0L,140
13,Data Scientist,2,14.8L,8.3L,21.5L,120
14,Data Scientist,1,7.4L,5.0L,12.0L,116
15,Data Scientist,2,20.6L,15.0L,26.2L,116
16,Data Scientist,2,11.6L,6.5L,20.9L,102
17,Data Scientist,2,14.8L,9.0L,20.0L,102
18,Data Scientist,2,16.6L,11.0L,22.5L,101
19,Data Scientist,2,12.4L,6.7L,20.0L,96
20,Data Scientist,2,10.6L,4.8L,18.7L,94
21,Data Scientist,2,28.3L,17.8L,41.0L,85
22,Data Scientist,2,10.0L,4.4L,15.5L,83
23,Data Scientist,1,32.1L,13.0L,60.0L,81
24,Data Scientist,2,12.2L,5.5L,20.0L,74
25,Data Scientist,2,16.6L,7.1L,26.5L,70
26,Data Scientist,2,14.4L,10.0L,20.0L,64
27,Data Scientist,1,15.6L,5.6L,30.0L,61
28,Data Scientist,3,14.2L,9.9L,21.8L,58
29,Data Scientist,2,11.4L,6.9L,22.0L,58
30,Data Scientist,3,20.9L,13.5L,27.0L,57
31,Data Scientist,3,27.7L,15.0L,45.0L,57
32,Data Scientist,2,20.5L,12.0L,31.0L,56
33,Data Scientist,1,14.0L,7.6L,21.0L,55
34,Data Scientist,2,17.7L,10.8L,26.0L,48
35,Data Scientist,2,13.4L,6.0L,20.0L,45
36,Data Scientist,0,15.3L,9.0L,22.2L,44
37,Data Scientist,0,9.3L,7.0L,13.8L,44
38,Data Scientist,1,10.4L,6.0L,21.0L,42
39,Data Scientist,1,16.9L,10.0L,25.0L,42
40,Data Scientist,2,16.3L,6.5L,39.0L,42
41,Data Scientist,2,21.9L,9.0L,36.0L,41
42,Data Scientist,2,10.5L,6.0L,16.0L,41
43,Data Scientist,2,12.6L,7.5L,20.0L,41
44,Data Scientist,2,17.4L,11.0L,26.0L,40
45,Data Scientist,1,14.3L,9.0L,21.0L,39
46,Data Scientist,0,9.0L,7.0L,13.0L,38
47,Data Scientist,1,10.7L,6.5L,15.2L,37
48,Data Scientist,0,23.2L,14.7L,42.0L,37
49,Data Scientist,0,4.5L,2.0L,7.0L,37
50,Data Scientist,2,14.1L,9.0L,20.0L,36
51,Data Scientist,2,7.7L,5.0L,17.2L,36
52,Data Scientist,2,14.1L,8.5L,23.9L,36
53,Data Scientist,1,18.2L,7.4L,26.0L,35
54,Data Scientist,2,8.9L,5.2L,15.0L,35
55,Data Scientist,2,14.1L,8.2L,21.0L,34
56,Data Scientist,1,4.9L,3.0L,7.0L,34
57,Data Scientist,1,16.0L,9.0L,24.0L,33
58,Data Scientist,2,19.2L,6.5L,35.0L,32
59,Data Scientist,1,11.4L,7.2L,17.0L,32
60,Data Scientist,0,9.7L,4.5L,19.0L,32
61,Data Scientist,1,10.5L,5.4L,16.3L,31
62,Data Scientist,2,15.4L,5.5L,31.2L,31
63,Data Scientist,3,14.1L,6.0L,30.0L,31
64,Data Scientist,2,9.3L,6.0L,16.7L,30
65,Data Scientist,2,14.3L,9.0L,23.7L,30
66,Data Scientist,2,10.4L,5.0L,18.5L,30
67,Data Scientist,1,12.1L,7.0L,18.0L,29
68,Data Scientist,1,7.1L,3.0L,15.0L,29
69,Data Scientist,2,19.0L,12.0L,32.5L,28
70,Data Scientist,1,11.9L,7.5L,19.4L,28
71,Data Scientist,1,17.0L,8.0L,27.0L,27
72,Data Scientist,1,12.9L,8.5L,18.0L,26
73,Data Scientist,2,15.1L,8.5L,23.4L,26
74,Data Scientist,1,9.0L,6.6L,11.5L,26
75,Data Scientist,0,14.9L,11.0L,20.0L,26
76,Data Scientist,2,14.2L,7.0L,22.0L,26
77,Data Scientist,2,19.2L,14.0L,23.5L,26
78,Data Scientist,2,13.5L,7.8L,24.0L,26
79,Data Scientist,2,19.6L,12.1L,25.3L,26
80,Data Scientist,2,11.9L,7.0L,16.6L,25
81,Data Scientist,0,12.5L,9.9L,17.6L,25
82,Data Scientist,2,8.0L,4.0L,12.7L,25
83,Data Scientist,2,13.0L,5.0L,28.0L,25
84,Data Scientist,0,16.9L,12.0L,24.0L,25
85,Data Scientist,4,23.6L,11.5L,32.1L,25
86,Data Scientist,1,8.1L,4.0L,12.7L,25
87,Data Scientist,2,9.4L,6.0L,14.4L,24
88,Data Scientist,1,9.4L,4.5L,23.0L,24
89,Data Scientist,0,5.1L,3.0L,8.0L,24
90,Data Scientist,2,14.4L,8.0L,19.0L,23
91,Data Scientist,0,11.5L,5.0L,16.2L,23
92,Data Scientist,2,16.2L,7.5L,24.4L,23
93,Data Scientist,3,9.8L,6.5L,15.0L,23
94,Data Scientist,2,8.2L,4.2L,14.0L,23
95,Data Scientist,2,22.8L,13.2L,30.3L,23
96,Data Scientist,1,11.7L,7.9L,18.0L,23
97,Data Scientist,3,12.6L,8.5L,16.0L,23
98,Data Scientist,1,9.7L,4.8L,15.6L,22
99,Data Scientist,2,10.9L,4.1L,20.5L,22
100,Data Scientist,1,9.8L,7.5L,14.0L,22
101,Data Scientist,1,10.8L,8.2L,13.7L,22
102,Data Scientist,2,10.4L,5.3L,17.6L,22
103,Data Scientist,2,12.8L,7.7L,18.0L,21
104,Data Scientist,0,11.9L,5.0L,20.0L,21
105,Data Scientist,1,10.2L,3.2L,24.0L,21
106,Data Scientist,1,8.5L,5.1L,12.3L,21
107,Data Scientist,1,6.9L,3.3L,16.0L,21
108,Data Scientist,0,4.7L,2.4L,9.0L,21
109,Data Scientist,0,9.1L,5.0L,12.0L,20
110,Data Scientist,1,8.2L,4.2L,15.5L,20
111,Data Scientist,3,10.9L,7.3L,18.6L,20
112,Data Scientist,1,7.7L,4.5L,15.0L,20
113,Data Scientist,2,17.3L,10.0L,24.2L,20
114,Data Scientist,2,14.6L,7.0L,22.5L,20
115,Data Scientist,2,13.0L,8.3L,19.0L,20
116,Data Scientist,1,9.3L,8.2L,12.5L,20
117,Data Scientist,2,5.2L,4.2L,6.0L,20
118,Data Scientist,0,8.3L,6.0L,13.0L,20
119,Data Scientist,1,4.7L,3.0L,7.9L,20
120,Data Scientist,3,17.9L,11.2L,30.0L,19
121,Data Scientist,2,13.0L,6.2L,24.0L,19
122,Data Scientist,1,8.5L,4.1L,18.5L,19
123,Data Scientist,0,6.6L,4.8L,9.2L,19
124,Data Scientist,1,7.0L,6.0L,10.0L,19
125,Data Scientist,3,11.5L,6.4L,18.0L,19
126,Data Scientist,2,10.5L,5.8L,17.0L,19
127,Data Scientist,1,14.0L,10.0L,18.0L,19
128,Data Scientist,3,20.6L,15.1L,26.0L,19
129,Data Scientist,1,14.0L,8.0L,22.5L,19
130,Data Scientist,0,16.4L,11.4L,25.0L,19
131,Data Scientist,0,9.6L,8.0L,14.5L,18
132,Data Scientist,1,20.3L,14.5L,24.0L,18
133,Data Scientist,2,14.6L,4.0L,26.0L,18
134,Data Scientist,4,20.9L,14.0L,31.0L,18
135,Data Scientist,2,18.2L,13.6L,25.0L,18
136,Data Scientist,1,7.9L,5.0L,12.0L,18
137,Data Scientist,0,8.6L,5.7L,13.0L,18
138,Data Scientist,1,9.7L,6.3L,18.0L,18
139,Data Scientist,3,23.4L,13.8L,36.0L,18
140,Data Scientist,2,13.9L,7.0L,23.0L,18
141,Data Scientist,1,8.7L,5.2L,14.0L,17
142,Data Scientist,3,29.4L,20.0L,44.0L,17
143,Data Scientist,2,10.4L,5.8L,17.5L,17
144,Data Scientist,0,14.6L,8.0L,19.0L,17
145,Data Scientist,1,19.4L,13.5L,35.0L,17
146,Data Scientist,1,18.4L,13.5L,27.5L,17
147,Data Scientist,0,9.3L,5.5L,20.6L,16
148,Data Scientist,1,9.4L,7.0L,13.5L,16
149,Data Scientist,3,14.1L,7.8L,24.0L,16
150,Data Scientist,3,12.1L,8.0L,19.7L,16
151,Data Scientist,2,7.5L,4.9L,10.8L,16
152,Data Scientist,0,16.6L,12.0L,21.0L,16
153,Data Scientist,2,6.7L,4.8L,8.5L,16
154,Data Scientist,3,13.6L,7.0L,26.5L,16
155,Data Scientist,2,23.2L,14.0L,30.1L,16
156,Data Scientist,0,9.8L,5.0L,15.0L,16
157,Data Scientist,1,8.7L,4.3L,18.0L,16
158,Data Scientist,2,17.4L,11.0L,26.0L,16
159,Data Scientist,5,18.5L,11.5L,25.8L,16
160,Data Scientist,1,15.6L,10.0L,20.8L,16
161,Data Scientist,1,15.0L,8.5L,20.1L,16
162,Data Scientist,1,8.1L,4.8L,12.0L,15
163,Data Scientist,1,12.2L,7.0L,20.0L,15
164,Data Scientist,3,30.5L,16.5L,44.0L,15
165,Data Scientist,2,14.3L,8.4L,24.0L,15
166,Data Scientist,3,12.1L,8.0L,17.0L,15
167,Data Scientist,2,15.2L,10.2L,22.0L,15
168,Data Scientist,0,9.8L,7.0L,16.0L,15
169,Data Scientist,2,8.5L,6.0L,12.0L,15
170,Data Scientist,2,33.6L,8.2L,74.5L,15
171,Data Scientist,0,14.7L,10.0L,20.5L,14
172,Data Scientist,1,7.9L,3.5L,12.0L,14
173,Data Scientist,2,11.2L,7.5L,16.0L,14
174,Data Scientist,3,27.7L,15.0L,45.0L,14
175,Data Scientist,0,8.6L,2.4L,15.0L,14
176,Data Scientist,0,12.1L,7.4L,15.4L,14
177,Data Scientist,2,15.9L,8.0L,23.5L,14
178,Data Scientist,1,13.8L,11.0L,17.5L,14
179,Data Scientist,1,6.4L,3.6L,10.0L,13
180,Data Scientist,0,14.5L,6.0L,19.5L,13
181,Data Scientist,1,11.1L,7.0L,17.5L,13
182,Data Scientist,0,10.2L,7.0L,14.5L,13
183,Data Scientist,2,18.1L,10.5L,23.6L,13
184,Data Scientist,1,16.7L,13.2L,23.0L,13
185,Data Scientist,1,21.9L,13.0L,30.0L,13
186,Data Scientist,1,16.0L,11.0L,26.0L,13
187,Data Scientist,2,16.9L,8.3L,33.0L,13
188,Business Analyst,2,6.9L,3.0L,12.0L,4200
189,Business Analyst,1,7.0L,2.7L,14.7L,1900
190,Business Analyst,1,6.4L,4.5L,9.0L,1700
191,Business Analyst,2,8.6L,4.2L,15.5L,1200
192,Business Analyst,1,8.6L,4.5L,14.0L,1100
193,Business Analyst,1,7.8L,5.0L,12.0L,991
194,Business Analyst,1,6.6L,2.3L,14.2L,714
195,Business Analyst,1,6.5L,4.7L,8.5L,693
196,Business Analyst,1,8.9L,4.4L,16.5L,692
197,Business Analyst,2,8.3L,4.0L,16.0L,662
198,Business Analyst,2,7.7L,4.1L,13.0L,580
199,Business Analyst,2,7.6L,3.8L,15.0L,575
200,Business Analyst,1,8.3L,3.0L,19.0L,539
201,Business Analyst,2,9.1L,4.3L,15.0L,531
202,Business Analyst,3,13.5L,7.6L,21.0L,514
203,Business Analyst,0,6.2L,4.5L,8.5L,476
204,Business Analyst,2,11.3L,4.8L,20.0L,445
205,Business Analyst,2,12.1L,5.0L,21.0L,382
206,Business Analyst,1,6.7L,4.0L,12.6L,326
207,Business Analyst,2,12.4L,5.7L,21.7L,323
208,Business Analyst,1,10.7L,8.3L,12.0L,274
209,Business Analyst,2,9.7L,4.5L,16.6L,271
210,Business Analyst,4,19.5L,12.0L,30.0L,258
211,Business Analyst,2,12.3L,5.5L,19.4L,255
212,Business Analyst,2,6.9L,4.7L,11.0L,252
213,Business Analyst,1,5.5L,3.4L,10.0L,243
214,Business Analyst,4,12.1L,6.8L,20.0L,236
215,Business Analyst,2,6.1L,4.0L,9.4L,225
216,Business Analyst,3,10.8L,5.8L,18.0L,214
217,Business Analyst,2,7.9L,4.1L,12.0L,208
218,Business Analyst,4,11.5L,8.0L,15.2L,207
219,Business Analyst,1,9.7L,4.2L,15.0L,199
220,Business Analyst,1,8.8L,4.0L,20.0L,198
221,Business Analyst,2,15.2L,10.0L,23.0L,179
222,Business Analyst,2,6.7L,3.6L,11.5L,175
223,Business Analyst,0,4.8L,2.0L,10.0L,175
224,Business Analyst,0,8.9L,6.5L,13.0L,167
225,Business Analyst,5,18.7L,12.0L,28.0L,159
226,Business Analyst,0,10.2L,6.0L,14.0L,153
227,Business Analyst,3,9.8L,6.0L,15.0L,153
228,Business Analyst,1,10.0L,3.5L,19.0L,151
229,Business Analyst,0,6.3L,4.5L,8.6L,147
230,Business Analyst,2,9.5L,5.5L,15.0L,144
231,Business Analyst,2,9.3L,7.0L,11.5L,138
232,Business Analyst,2,7.3L,4.5L,14.0L,133
233,Business Analyst,2,10.0L,4.2L,16.8L,131
234,Business Analyst,2,8.8L,5.6L,12.2L,128
235,Business Analyst,3,12.0L,6.2L,20.8L,128
236,Business Analyst,1,8.3L,3.8L,14.2L,127
237,Business Analyst,0,6.0L,5.0L,8.0L,124
238,Business Analyst,3,6.4L,4.3L,8.9L,119
239,Business Analyst,2,12.0L,6.0L,20.0L,117
240,Business Analyst,1,6.9L,5.5L,9.0L,116
241,Business Analyst,2,10.6L,5.0L,18.5L,111
242,Business Analyst,3,8.2L,5.1L,12.0L,110
243,Business Analyst,1,7.5L,3.0L,15.5L,106
244,Business Analyst,2,15.6L,7.8L,21.3L,106
245,Business Analyst,3,10.7L,6.7L,16.3L,105
246,Business Analyst,3,11.1L,5.5L,17.5L,103
247,Business Analyst,1,12.3L,4.7L,18.9L,103
248,Business Analyst,1,11.7L,4.5L,21.6L,102
249,Business Analyst,3,8.5L,4.5L,17.5L,101
250,Business Analyst,2,8.6L,4.8L,17.1L,100
251,Business Analyst,0,11.3L,7.7L,15.0L,99
252,Business Analyst,2,14.5L,7.5L,23.5L,97
253,Business Analyst,1,11.0L,8.4L,13.0L,96
254,Business Analyst,3,10.2L,6.5L,15.0L,96
255,Business Analyst,2,8.3L,5.0L,13.0L,95
256,Business Analyst,1,2.3L,1.6L,4.0L,95
257,Business Analyst,1,7.6L,4.5L,10.5L,94
258,Business Analyst,0,6.9L,6.1L,8.5L,92
259,Business Analyst,1,10.0L,7.0L,14.2L,92
260,Business Analyst,2,7.6L,4.0L,13.0L,92
261,Business Analyst,2,12.5L,6.0L,20.5L,90
262,Business Analyst,1,7.8L,4.5L,14.0L,90
263,Business Analyst,2,9.1L,3.3L,19.0L,89
264,Business Analyst,2,7.0L,4.6L,10.2L,89
265,Business Analyst,1,7.7L,3.9L,15.0L,89
266,Business Analyst,1,6.1L,3.9L,8.8L,88
267,Business Analyst,1,8.2L,3.6L,16.0L,87
268,Business Analyst,3,11.6L,7.0L,20.0L,86
269,Business Analyst,2,6.7L,4.1L,14.5L,85
270,Business Analyst,3,8.0L,5.0L,14.0L,85
271,Business Analyst,1,13.2L,8.0L,16.5L,85
272,Business Analyst,0,6.4L,5.0L,8.5L,84
273,Business Analyst,2,11.2L,5.8L,16.7L,83
274,Business Analyst,2,12.7L,5.6L,23.2L,81
275,Business Analyst,1,9.6L,7.0L,12.8L,80
276,Business Analyst,1,5.4L,2.8L,12.0L,80
277,Business Analyst,1,6.8L,3.6L,15.0L,79
278,Business Analyst,2,9.5L,3.5L,18.8L,79
279,Business Analyst,1,8.3L,4.5L,16.7L,78
280,Business Analyst,1,9.9L,4.5L,17.5L,77
281,Business Analyst,1,6.1L,3.8L,9.5L,75
282,Business Analyst,3,8.2L,5.3L,15.1L,74
283,Business Analyst,1,4.8L,3.5L,6.5L,73
284,Business Analyst,1,4.5L,3.1L,7.0L,71
285,Business Analyst,1,6.8L,3.8L,12.0L,69
286,Business Analyst,3,10.2L,5.6L,16.5L,69
287,Business Analyst,0,8.3L,5.8L,11.0L,68
288,Business Analyst,2,12.5L,8.0L,16.7L,67
289,Business Analyst,1,6.4L,4.4L,8.4L,67
290,Business Analyst,2,16.7L,8.0L,24.3L,66
291,Business Analyst,5,16.1L,8.3L,24.0L,66
292,Business Analyst,3,13.6L,5.2L,25.0L,63
293,Business Analyst,0,4.5L,4.2L,5.0L,61
294,Business Analyst,1,4.4L,2.7L,7.0L,60
295,Business Analyst,0,14.0L,8.5L,18.0L,60
296,Business Analyst,2,7.0L,4.5L,11.5L,60
297,Business Analyst,1,17.0L,14.0L,20.0L,60
298,Business Analyst,3,14.5L,9.0L,21.0L,59
299,Business Analyst,1,5.9L,2.3L,13.0L,58
300,Business Analyst,1,6.6L,5.0L,8.0L,58
301,Business Analyst,1,6.9L,3.1L,10.0L,57
302,Business Analyst,1,6.8L,3.5L,12.5L,56
303,Business Analyst,2,9.3L,5.5L,16.6L,56
304,Business Analyst,3,13.9L,6.0L,22.0L,56
305,Business Analyst,1,3.7L,2.3L,9.3L,55
306,Business Analyst,0,6.8L,6.0L,8.3L,55
307,Business Analyst,3,8.3L,5.1L,12.0L,54
308,Business Analyst,1,5.3L,4.0L,6.8L,53
309,Business Analyst,3,11.1L,7.0L,17.8L,53
310,Business Analyst,2,7.7L,3.6L,13.0L,53
311,Business Analyst,2,9.9L,6.8L,16.0L,53
312,Business Analyst,2,5.5L,3.3L,9.0L,52
313,Business Analyst,0,6.1L,4.2L,8.8L,52
314,Business Analyst,0,1.7L,1.2L,2.3L,52
315,Business Analyst,3,10.5L,6.3L,16.3L,51
316,Business Analyst,1,7.7L,4.0L,13.0L,51
317,Business Analyst,3,14.1L,8.1L,21.5L,51
318,Business Analyst,1,7.8L,6.0L,11.2L,51
319,Business Analyst,1,2.9L,2.4L,3.6L,50
320,Business Analyst,4,11.3L,6.1L,18.5L,50
321,Business Analyst,3,12.3L,4.4L,23.0L,50
322,Business Analyst,2,8.0L,4.0L,14.3L,49
323,Business Analyst,1,8.8L,6.0L,13.0L,49
324,Business Analyst,1,8.3L,4.2L,16.0L,49
325,Business Analyst,0,6.0L,2.5L,13.0L,49
326,Business Analyst,2,9.7L,7.0L,12.0L,48
327,Business Analyst,4,8.9L,6.1L,12.3L,48
328,Business Analyst,1,3.4L,2.1L,5.0L,48
329,Business Analyst,2,5.4L,3.5L,9.6L,48
330,Business Analyst,4,12.5L,8.5L,18.4L,48
331,Business Analyst,2,7.7L,4.0L,12.0L,48
332,Business Analyst,0,7.1L,4.3L,11.0L,47
333,Business Analyst,4,16.4L,9.9L,22.0L,46
334,Business Analyst,2,8.1L,2.9L,14.0L,46
335,Business Analyst,2,8.5L,4.5L,15.0L,45
336,Business Analyst,5,14.6L,10.1L,20.0L,45
337,Business Analyst,1,6.8L,4.1L,11.0L,45
338,Business Analyst,1,6.3L,2.5L,11.0L,44
339,Business Analyst,4,14.6L,8.5L,20.0L,44
340,Business Analyst,3,11.1L,7.5L,17.0L,44
341,Business Analyst,1,14.2L,10.0L,19.0L,44
342,Business Analyst,2,7.0L,5.0L,10.0L,43
343,Business Analyst,1,11.6L,4.8L,18.0L,43
344,Business Analyst,2,8.1L,4.9L,14.4L,43
345,Business Analyst,2,6.6L,3.8L,10.1L,43
346,Business Analyst,2,9.0L,2.5L,20.0L,43
347,Business Analyst,2,5.3L,3.8L,8.3L,43
348,Business Analyst,2,14.7L,8.5L,26.0L,43
349,Business Analyst,2,11.6L,7.5L,15.0L,43
350,Business Analyst,0,7.0L,5.5L,8.0L,42
351,Business Analyst,0,5.9L,3.3L,8.4L,42
352,Business Analyst,2,9.7L,6.0L,16.5L,41
353,Business Analyst,2,15.4L,10.0L,20.0L,41
354,Business Analyst,3,13.3L,9.0L,20.9L,41
355,Business Analyst,4,8.2L,4.7L,12.5L,40
356,Business Analyst,1,3.0L,2.2L,4.0L,40
357,Business Analyst,4,8.9L,5.0L,16.0L,40
358,Business Analyst,0,4.0L,3.0L,5.2L,40
359,Business Analyst,1,7.0L,3.5L,13.0L,40
360,Business Analyst,0,8.5L,3.8L,14.0L,40
361,Business Analyst,3,12.0L,7.1L,18.5L,40
362,Business Analyst,2,7.1L,3.4L,10.7L,39
363,Business Analyst,1,5.0L,2.9L,9.2L,39
364,Business Analyst,1,5.9L,3.9L,9.3L,39
365,Business Analyst,0,14.9L,6.5L,30.0L,39
366,Business Analyst,1,8.1L,6.5L,10.0L,39
367,Business Analyst,1,4.3L,2.9L,5.7L,39
368,Business Analyst,1,5.8L,4.0L,9.5L,39
369,Business Analyst,1,4.0L,2.6L,6.0L,39
370,Business Analyst,2,5.5L,3.2L,8.8L,38
371,Business Analyst,1,9.0L,3.8L,13.0L,38
372,Business Analyst,3,9.7L,5.1L,16.0L,38
373,Business Analyst,1,7.8L,5.0L,11.5L,37
374,Business Analyst,2,9.0L,6.4L,12.1L,37
375,Business Analyst,1,3.8L,2.7L,6.7L,37
376,Data Analyst,1,4.7L,2.4L,8.9L,1600
377,Data Analyst,1,5.5L,2.9L,8.3L,1200
378,Data Analyst,1,5.2L,2.3L,11.0L,1100
379,Data Analyst,0,4.6L,3.0L,9.0L,485
380,Data Analyst,1,4.8L,2.2L,9.0L,475
381,Data Analyst,1,2.5L,2.0L,3.5L,415
382,Data Analyst,1,4.6L,2.2L,7.5L,397
383,Data Analyst,1,5.2L,2.5L,15.3L,380
384,Data Analyst,1,5.7L,3.4L,12.0L,323
385,Data Analyst,1,4.5L,2.4L,9.5L,320
386,Data Analyst,0,2.5L,2.0L,3.9L,302
387,Data Analyst,2,7.6L,4.0L,15.5L,297
388,Data Analyst,1,5.8L,3.4L,10.5L,297
389,Data Analyst,1,5.9L,3.2L,12.0L,241
390,Data Analyst,1,4.7L,2.5L,9.0L,228
391,Data Analyst,2,12.8L,6.0L,19.0L,219
392,Data Analyst,1,3.9L,2.4L,6.3L,209
393,Data Analyst,1,7.6L,4.3L,13.0L,202
394,Data Analyst,1,3.1L,2.2L,4.2L,188
395,Data Analyst,1,2.5L,2.0L,3.2L,181
396,Data Analyst,1,1.7L,1.2L,2.6L,175
397,Data Analyst,2,10.7L,3.3L,18.0L,171
398,Data Analyst,0,2.0L,1.1L,3.0L,149
399,Data Analyst,1,4.3L,2.1L,8.0L,138
400,Data Analyst,0,9.2L,5.0L,13.0L,137
401,Data Analyst,1,2.4L,1.8L,4.4L,132
402,Data Analyst,1,5.6L,4.0L,9.6L,132
403,Data Analyst,2,5.8L,4.0L,10.0L,126
404,Data Analyst,0,1.8L,1.1L,3.0L,123
405,Data Analyst,0,8.8L,7.5L,12.0L,120
406,Data Analyst,1,3.4L,1.8L,6.7L,119
407,Data Analyst,1,2.7L,2.0L,4.2L,118
408,Data Analyst,1,8.0L,3.4L,12.4L,117
409,Data Analyst,1,5.4L,3.7L,10.2L,109
410,Data Analyst,1,3.0L,1.5L,4.0L,109
411,Data Analyst,0,6.3L,3.2L,12.0L,108
412,Data Analyst,0,6.3L,5.0L,9.0L,104
413,Data Analyst,1,5.0L,2.2L,9.1L,102
414,Data Analyst,1,6.7L,3.0L,12.0L,100
415,Data Analyst,1,5.2L,2.0L,8.9L,98
416,Data Analyst,1,9.6L,4.8L,14.0L,98
417,Data Analyst,1,7.3L,4.1L,12.0L,96
418,Data Analyst,0,4.6L,1.8L,8.0L,92
419,Data Analyst,1,4.6L,2.6L,11.0L,90
420,Data Analyst,1,4.9L,2.5L,10.0L,82
421,Data Analyst,1,13.9L,3.8L,30.0L,81
422,Data Analyst,2,10.0L,4.1L,20.0L,81
423,Data Analyst,1,4.2L,3.0L,5.7L,79
424,Data Analyst,1,4.4L,3.1L,8.0L,79
425,Data Analyst,0,8.8L,6.0L,13.5L,77
426,Data Analyst,1,6.6L,3.8L,14.5L,77
427,Data Analyst,1,4.0L,2.4L,7.3L,75
428,Data Analyst,1,12.2L,8.5L,17.1L,75
429,Data Analyst,0,3.6L,3.0L,4.8L,74
430,Data Analyst,0,5.2L,4.5L,8.0L,73
431,Data Analyst,2,6.6L,3.5L,10.0L,72
432,Data Analyst,0,2.1L,1.0L,5.4L,72
433,Data Analyst,0,2.6L,2.0L,4.0L,72
434,Data Analyst,1,4.6L,2.0L,10.3L,69
435,Data Analyst,1,3.3L,2.5L,4.1L,69
436,Data Analyst,1,5.8L,2.5L,12.0L,68
437,Data Analyst,1,4.4L,2.9L,6.5L,67
438,Data Analyst,2,5.7L,3.0L,11.0L,67
439,Data Analyst,0,1.9L,1.1L,3.0L,67
440,Data Analyst,2,11.5L,6.0L,17.0L,66
441,Data Analyst,0,2.2L,1.8L,3.3L,65
442,Data Analyst,1,5.8L,3.7L,9.0L,64
443,Data Analyst,1,5.8L,3.1L,13.9L,64
444,Data Analyst,1,15.5L,2.6L,50.0L,63
445,Data Analyst,1,4.4L,3.1L,7.3L,62
446,Data Analyst,0,1.6L,1.0L,2.5L,61
447,Data Analyst,1,5.6L,3.5L,10.5L,58
448,Data Analyst,1,5.1L,2.1L,9.5L,58
449,Data Analyst,1,10.3L,3.1L,20.0L,55
450,Data Analyst,0,3.3L,2.5L,4.0L,55
451,Data Analyst,1,6.5L,3.4L,11.5L,54
452,Data Analyst,1,3.1L,2.0L,4.1L,54
453,Data Analyst,1,5.0L,3.0L,9.0L,53
454,Data Analyst,1,2.6L,2.2L,3.5L,53
455,Data Analyst,2,4.1L,3.2L,5.7L,53
456,Data Analyst,1,5.8L,3.5L,9.5L,52
457,Data Analyst,0,3.3L,1.9L,4.2L,51
458,Data Analyst,1,3.5L,3.0L,4.5L,51
459,Data Analyst,1,9.5L,3.2L,18.0L,50
460,Data Analyst,0,6.5L,2.0L,12.0L,49
461,Data Analyst,0,2.2L,1.7L,3.0L,49
462,Data Analyst,1,7.8L,5.0L,14.5L,48
463,Data Analyst,0,3.5L,3.0L,5.1L,48
464,Data Analyst,2,6.0L,3.0L,12.5L,48
465,Data Analyst,0,2.4L,1.8L,3.0L,48
466,Data Analyst,2,9.4L,5.0L,13.0L,47
467,Data Analyst,0,1.4L,0.2L,2.0L,47
468,Data Analyst,1,3.1L,2.5L,4.2L,47
469,Data Analyst,1,5.0L,2.7L,8.1L,46
470,Data Analyst,1,11.2L,6.5L,19.0L,46
471,Data Analyst,2,10.3L,6.7L,14.2L,46
472,Data Analyst,1,3.4L,2.3L,5.5L,45
473,Data Analyst,0,4.2L,2.2L,8.0L,45
474,Data Analyst,1,2.2L,1.4L,3.1L,45
475,Data Analyst,0,8.2L,4.0L,14.0L,45
476,Data Analyst,1,3.7L,1.5L,7.0L,45
477,Data Analyst,1,4.2L,2.2L,8.8L,44
478,Data Analyst,0,4.6L,2.9L,8.5L,43
479,Data Analyst,1,3.9L,1.6L,6.4L,42
480,Data Analyst,1,6.3L,3.0L,12.1L,42
481,Data Analyst,0,10.4L,4.1L,15.8L,42
482,Data Analyst,0,3.4L,3.2L,3.8L,42
483,Data Analyst,0,4.7L,3.8L,7.5L,41
484,Data Analyst,1,9.6L,5.0L,13.1L,41
485,Data Analyst,1,2.7L,1.5L,4.9L,40
486,Data Analyst,1,4.1L,3.0L,6.1L,40
487,Data Analyst,2,7.4L,3.8L,12.0L,40
488,Data Analyst,1,4.6L,3.0L,6.3L,39
489,Data Analyst,1,9.0L,7.5L,10.9L,38
490,Data Analyst,3,9.0L,4.0L,21.7L,38
491,Data Analyst,2,4.3L,3.3L,5.8L,38
492,Data Analyst,0,1.7L,0.2L,3.4L,38
493,Data Analyst,2,13.3L,6.0L,21.7L,37
494,Data Analyst,2,6.0L,3.5L,12.6L,37
495,Data Analyst,1,5.0L,3.0L,10.5L,37
496,Data Analyst,1,2.5L,1.9L,3.3L,37
497,Data Analyst,1,5.0L,2.0L,9.0L,37
498,Data Analyst,2,3.7L,2.7L,4.6L,36
499,Data Analyst,1,3.8L,1.8L,6.1L,36
500,Data Analyst,0,5.8L,4.0L,11.0L,36
501,Data Analyst,1,5.5L,3.9L,8.6L,35
502,Data Analyst,1,9.6L,3.0L,24.0L,35
503,Data Analyst,1,5.4L,3.5L,9.2L,35
504,Data Analyst,2,7.9L,5.0L,12.0L,35
505,Data Analyst,1,10.6L,7.0L,16.0L,35
506,Data Analyst,1,13.0L,6.5L,30.0L,35
507,Data Analyst,0,3.0L,2.0L,4.4L,35
508,Data Analyst,1,2.1L,1.5L,2.9L,34
509,Data Analyst,1,3.8L,2.1L,7.8L,34
510,Data Analyst,1,6.4L,0.2L,14.0L,33
511,Data Analyst,0,6.0L,6.0L,6.0L,33
512,Data Analyst,1,9.9L,4.9L,17.5L,33
513,Data Analyst,1,3.8L,3.0L,4.6L,32
514,Data Analyst,0,7.0L,4.0L,11.0L,32
515,Data Analyst,0,1.8L,1.5L,2.0L,32
516,Data Analyst,1,4.2L,2.5L,8.0L,31
517,Data Analyst,1,9.9L,5.5L,16.1L,31
518,Data Analyst,0,3.7L,2.1L,6.0L,31
519,Data Analyst,0,7.7L,6.3L,9.0L,31
520,Data Analyst,0,2.6L,1.9L,3.5L,31
521,Data Analyst,0,2.5L,2.0L,3.5L,31
522,Data Analyst,0,2.6L,1.4L,5.0L,30
523,Data Analyst,1,4.8L,2.8L,7.3L,30
524,Data Analyst,1,5.1L,2.4L,13.8L,30
525,Data Analyst,1,2.9L,1.9L,5.0L,30
526,Data Analyst,0,2.9L,2.0L,3.8L,30
527,Data Analyst,1,10.2L,7.5L,15.0L,30
528,Data Analyst,1,5.9L,4.3L,8.0L,30
529,Data Analyst,1,6.2L,3.6L,10.5L,29
530,Data Analyst,0,7.0L,5.3L,9.2L,29
531,Data Analyst,1,7.0L,5.0L,15.4L,29
532,Data Analyst,1,3.7L,2.0L,6.5L,29
533,Data Analyst,0,4.8L,2.3L,8.5L,29
534,Data Analyst,0,5.3L,4.5L,7.8L,29
535,Data Analyst,0,5.6L,3.6L,7.5L,29
536,Data Analyst,1,11.4L,6.4L,17.8L,28
537,Data Analyst,1,15.3L,9.0L,20.0L,28
538,Data Analyst,0,7.9L,3.7L,16.0L,28
539,Data Analyst,0,3.7L,2.4L,6.0L,28
540,Data Analyst,0,7.4L,3.3L,12.0L,28
541,Data Analyst,0,6.0L,6.0L,6.0L,28
542,Data Analyst,1,1.9L,1.2L,2.4L,28
543,Data Analyst,0,2.0L,1.5L,3.1L,27
544,Data Analyst,1,5.5L,3.9L,8.9L,27
545,Data Analyst,1,9.4L,6.0L,15.5L,27
546,Data Analyst,2,11.9L,6.0L,19.4L,27
547,Data Analyst,1,6.3L,2.2L,9.0L,26
548,Data Analyst,1,4.0L,3.0L,5.4L,26
549,Data Analyst,1,4.1L,2.1L,6.9L,26
550,Data Analyst,0,3.9L,2.1L,5.1L,26
551,Data Analyst,1,7.3L,5.2L,10.5L,26
552,Data Analyst,0,2.3L,1.1L,3.6L,26
553,Data Analyst,2,13.9L,5.5L,20.0L,26
554,Data Analyst,0,2.1L,1.5L,3.1L,26
555,Data Analyst,0,1.5L,1.2L,2.0L,26
556,Data Analyst,1,8.8L,2.9L,13.0L,25
557,Data Analyst,1,17.2L,8.0L,30.0L,25
558,Data Analyst,1,3.2L,2.3L,5.0L,25
559,Data Analyst,2,9.8L,4.4L,15.6L,25
560,Data Analyst,0,4.2L,3.5L,5.8L,25
561,Data Analyst,2,5.5L,3.8L,8.0L,25
562,Data Analyst,0,2.1L,2.0L,2.6L,25
563,Data Engineer,1,5.8L,3.9L,10.1L,819
564,Data Engineer,1,10.4L,4.8L,18.0L,727
565,Data Engineer,1,5.7L,4.1L,9.0L,420
566,Data Engineer,1,9.0L,5.0L,16.8L,332
567,Data Engineer,1,7.5L,4.5L,13.3L,292
568,Data Engineer,1,2.1L,1.8L,2.6L,259
569,Data Engineer,1,7.4L,4.0L,13.5L,231
570,Data Engineer,1,5.5L,3.6L,10.0L,196
571,Data Engineer,2,11.8L,8.0L,18.0L,184
572,Data Engineer,1,6.6L,4.0L,14.5L,175
573,Data Engineer,2,22.0L,11.0L,40.0L,166
574,Data Engineer,0,10.4L,6.5L,15.0L,140
575,Data Engineer,2,6.5L,4.2L,13.0L,130
576,Data Engineer,1,6.0L,3.9L,9.9L,124
577,Data Engineer,1,6.6L,3.8L,12.0L,122
578,Data Engineer,1,11.8L,6.0L,18.0L,116
579,Data Engineer,3,22.1L,15.0L,31.9L,88
580,Data Engineer,2,11.1L,7.9L,16.8L,80
581,Data Engineer,1,17.2L,8.0L,24.0L,79
582,Data Engineer,1,9.0L,3.5L,18.0L,79
583,Data Engineer,1,9.5L,7.0L,12.0L,72
584,Data Engineer,1,14.0L,7.0L,21.0L,69
585,Data Engineer,3,13.6L,8.8L,17.5L,68
586,Data Engineer,1,12.6L,6.5L,22.0L,59
587,Data Engineer,2,12.8L,5.2L,20.0L,59
588,Data Engineer,2,17.0L,7.8L,27.8L,55
589,Data Engineer,2,10.3L,6.3L,17.3L,53
590,Data Engineer,1,6.8L,3.2L,14.0L,47
591,Data Engineer,4,21.6L,12.8L,31.0L,44
592,Data Engineer,1,9.5L,6.2L,15.0L,41
593,Data Engineer,0,6.4L,4.0L,10.7L,41
594,Data Engineer,2,10.6L,5.3L,17.5L,40
595,Data Engineer,3,12.8L,9.6L,16.0L,39
596,Data Engineer,0,12.9L,10.0L,17.7L,38
597,Data Engineer,0,7.7L,4.5L,13.3L,38
598,Data Engineer,1,11.7L,9.0L,16.0L,37
599,Data Engineer,2,8.4L,4.5L,18.0L,36
600,Data Engineer,1,8.2L,4.5L,13.0L,35
601,Data Engineer,2,13.5L,9.2L,17.0L,34
602,Data Engineer,1,5.8L,4.0L,10.5L,34
603,Data Engineer,4,18.7L,8.0L,29.0L,32
604,Data Engineer,2,16.8L,9.6L,23.0L,31
605,Data Engineer,0,10.9L,8.0L,12.5L,30
606,Data Engineer,2,4.0L,3.0L,7.5L,30
607,Data Engineer,2,15.1L,8.1L,22.0L,30
608,Data Engineer,1,10.1L,4.2L,19.0L,30
609,Data Engineer,0,5.5L,3.5L,11.9L,30
610,Data Engineer,2,10.4L,4.1L,25.0L,29
611,Data Engineer,1,10.0L,5.5L,16.5L,29
612,Data Engineer,2,12.3L,7.0L,18.0L,28
613,Data Engineer,1,9.8L,3.5L,17.0L,27
614,Data Engineer,1,9.0L,4.2L,20.0L,27
615,Data Engineer,2,13.6L,9.1L,24.0L,27
616,Data Engineer,4,23.6L,12.0L,34.0L,27
617,Data Engineer,1,12.1L,10.0L,14.3L,26
618,Data Engineer,4,16.5L,12.0L,22.8L,26
619,Data Engineer,1,12.8L,5.5L,20.0L,26
620,Data Engineer,3,8.9L,4.5L,15.5L,25
621,Data Engineer,0,5.5L,3.2L,9.6L,24
622,Data Engineer,3,25.1L,13.0L,40.1L,24
623,Data Engineer,1,8.2L,5.5L,12.0L,23
624,Data Engineer,0,5.5L,4.5L,10.0L,23
625,Data Engineer,1,9.7L,5.5L,14.0L,23
626,Data Engineer,1,9.7L,6.0L,18.0L,23
627,Data Engineer,2,20.4L,11.1L,32.0L,23
628,Data Engineer,2,9.7L,6.0L,14.5L,22
629,Data Engineer,2,12.2L,9.0L,16.0L,22
630,Data Engineer,0,7.7L,6.0L,12.0L,22
631,Data Engineer,3,15.2L,10.1L,22.0L,21
632,Data Engineer,2,10.3L,6.0L,14.1L,20
633,Data Engineer,2,18.5L,10.0L,25.0L,20
634,Data Engineer,3,19.3L,12.0L,28.0L,20
635,Data Engineer,1,15.4L,8.5L,21.9L,20
636,Data Engineer,1,10.3L,5.0L,23.5L,20
637,Data Engineer,2,13.9L,5.8L,23.0L,20
638,Data Engineer,0,4.2L,2.5L,8.5L,20
639,Data Engineer,1,6.6L,4.5L,9.2L,20
640,Data Engineer,3,12.9L,8.4L,18.0L,20
641,Data Engineer,3,12.3L,10.0L,17.0L,19
642,Data Engineer,2,10.5L,5.5L,15.0L,19
643,Data Engineer,0,7.3L,5.2L,12.0L,19
644,Data Engineer,2,5.1L,3.5L,7.2L,19
645,Data Engineer,1,13.1L,7.0L,19.0L,19
646,Data Engineer,0,7.2L,5.3L,12.0L,19
647,Data Engineer,2,13.7L,6.5L,22.5L,19
648,Data Engineer,3,23.7L,14.0L,34.0L,18
649,Data Engineer,2,19.9L,9.9L,28.8L,18
650,Data Engineer,1,9.5L,6.2L,13.5L,18
651,Data Engineer,1,6.8L,4.1L,13.0L,18
652,Data Engineer,2,15.0L,9.5L,19.5L,18
653,Data Engineer,2,10.8L,8.3L,13.5L,18
654,Data Engineer,0,11.2L,5.0L,26.0L,17
655,Data Engineer,1,11.7L,3.5L,23.5L,17
656,Data Engineer,1,13.1L,11.5L,16.0L,17
657,Data Engineer,0,6.7L,5.0L,10.0L,17
658,Data Engineer,1,10.5L,5.6L,15.5L,16
659,Data Engineer,0,4.1L,3.3L,4.5L,16
660,Data Engineer,4,16.5L,8.2L,24.0L,16
661,Data Engineer,1,10.5L,6.8L,16.0L,16
662,Data Engineer,2,9.3L,7.0L,13.2L,16
663,Data Engineer,2,7.3L,3.8L,12.0L,16
664,Data Engineer,0,8.1L,6.0L,9.5L,16
665,Data Engineer,0,11.1L,7.7L,14.7L,16
666,Data Engineer,3,45.3L,16.5L,93.5L,16
667,Data Engineer,2,12.8L,8.0L,21.0L,15
668,Data Engineer,1,9.3L,6.8L,13.5L,15
669,Data Engineer,0,8.9L,6.1L,13.0L,15
670,Data Engineer,0,15.1L,13.0L,18.0L,15
671,Data Engineer,3,20.5L,11.0L,26.0L,14
672,Data Engineer,1,10.1L,5.8L,20.0L,14
673,Data Engineer,2,17.5L,9.5L,25.0L,14
674,Data Engineer,0,9.8L,7.7L,11.3L,14
675,Data Engineer,1,3.7L,2.6L,4.5L,14
676,Data Engineer,1,12.9L,6.8L,16.0L,14
677,Data Engineer,1,8.4L,5.5L,12.0L,13
678,Data Engineer,4,27.6L,20.0L,40.0L,13
679,Data Engineer,0,5.9L,4.8L,7.0L,13
680,Data Engineer,1,23.0L,14.5L,34.0L,13
681,Data Engineer,1,10.7L,3.6L,24.5L,13
682,Data Engineer,6,6.9L,1.2L,11.1L,13
683,Data Engineer,2,8.5L,3.7L,17.8L,13
684,Data Engineer,0,6.1L,3.8L,9.0L,13
685,Data Engineer,0,10.1L,5.7L,15.9L,13
686,Data Engineer,1,11.6L,4.2L,20.4L,13
687,Data Engineer,0,6.8L,3.6L,11.5L,13
688,Data Engineer,2,17.9L,13.5L,20.0L,13
689,Data Engineer,1,11.5L,8.5L,15.0L,13
690,Data Engineer,3,7.9L,5.0L,10.3L,13
691,Data Engineer,3,21.3L,14.1L,29.0L,13
692,Data Engineer,2,12.8L,8.5L,16.0L,13
693,Data Engineer,1,12.3L,8.7L,18.5L,12
694,Data Engineer,3,13.3L,10.2L,15.5L,12
695,Data Engineer,3,16.3L,11.0L,21.6L,12
696,Data Engineer,2,11.4L,7.0L,16.0L,12
697,Data Engineer,0,2.1L,1.1L,3.1L,12
698,Data Engineer,2,9.9L,6.0L,14.0L,12
699,Data Engineer,1,7.4L,5.0L,12.5L,12
700,Data Engineer,3,18.4L,16.0L,22.0L,12
701,Data Engineer,1,10.6L,4.5L,21.3L,12
702,Data Engineer,1,10.5L,4.2L,18.0L,12
703,Data Engineer,2,13.1L,7.0L,25.0L,12
704,Data Engineer,1,12.0L,5.0L,22.0L,12
705,Data Engineer,1,9.7L,6.5L,18.0L,12
706,Data Engineer,1,7.1L,3.8L,14.0L,11
707,Data Engineer,1,11.4L,7.5L,15.3L,11
708,Data Engineer,1,28.7L,16.5L,37.0L,11
709,Data Engineer,0,8.0L,4.0L,14.8L,11
710,Data Engineer,1,9.7L,4.5L,19.5L,11
711,Data Engineer,0,5.3L,3.2L,8.0L,11
712,Data Engineer,4,12.6L,8.3L,18.3L,11
713,Data Engineer,5,23.1L,19.0L,27.0L,11
714,Data Engineer,0,13.3L,8.5L,18.5L,11
715,Data Engineer,1,8.2L,5.0L,15.0L,11
716,Data Engineer,2,11.8L,7.8L,17.6L,11
717,Data Engineer,0,2.3L,2.0L,3.0L,11
718,Data Engineer,0,26.5L,6.4L,40.0L,11
719,Data Engineer,0,3.3L,2.0L,4.1L,11
720,Data Engineer,2,11.5L,8.5L,18.0L,11
721,Data Engineer,3,25.0L,17.0L,35.0L,11
722,Data Engineer,0,4.0L,3.5L,4.9L,10
723,Data Engineer,2,13.1L,9.0L,16.5L,10
724,Data Engineer,2,11.1L,5.2L,20.1L,10
725,Data Engineer,4,17.3L,8.8L,24.0L,10
726,Data Engineer,1,12.3L,6.0L,21.0L,10
727,Data Engineer,1,10.7L,6.0L,15.0L,10
728,Data Engineer,2,17.2L,14.5L,19.5L,10
729,Data Engineer,1,13.5L,8.0L,18.0L,10
730,Data Engineer,1,13.3L,11.0L,16.7L,10
731,Data Engineer,2,14.6L,7.0L,25.0L,10
732,Data Engineer,3,18.1L,8.0L,30.0L,9
733,Data Engineer,3,11.4L,8.6L,15.4L,9
734,Data Engineer,3,10.7L,8.5L,14.0L,9
735,Data Engineer,2,5.0L,4.4L,5.5L,9
736,Data Engineer,4,17.3L,12.5L,24.0L,9
737,Data Engineer,2,13.0L,10.1L,15.0L,9
738,Data Engineer,1,10.2L,9.5L,11.1L,9
739,Data Engineer,1,7.5L,5.0L,13.6L,9
740,Data Engineer,1,15.0L,12.8L,18.5L,9
741,Data Engineer,1,11.2L,2.1L,18.0L,9
742,Data Engineer,2,10.5L,5.0L,17.0L,9
743,Data Engineer,0,4.1L,3.0L,5.5L,9
744,Data Engineer,1,15.7L,10.0L,19.4L,9
745,Data Engineer,1,11.9L,9.0L,14.9L,9
746,Data Engineer,3,14.8L,12.0L,16.5L,9
747,Data Engineer,0,8.0L,6.0L,10.5L,9
748,Data Engineer,2,15.0L,11.1L,19.0L,9
749,Data Engineer,2,12.4L,4.5L,17.6L,8
750,Data Engineer,2,9.0L,6.5L,12.5L,8
751,Senior Data Scientist,3,18.9L,10.5L,30.5L,80
752,Senior Data Scientist,4,16.7L,8.6L,30.0L,79
753,Senior Data Scientist,4,17.9L,12.0L,25.2L,57
754,Senior Data Scientist,4,25.6L,18.0L,32.0L,47
755,Senior Data Scientist,3,28.0L,22.0L,35.0L,44
756,Senior Data Scientist,4,16.1L,8.0L,30.0L,43
757,Senior Data Scientist,5,21.2L,14.0L,35.0L,42
758,Senior Data Scientist,5,43.0L,30.0L,65.0L,32
759,Senior Data Scientist,5,41.5L,26.0L,75.0L,30
760,Senior Data Scientist,4,23.0L,15.6L,30.5L,30
761,Senior Data Scientist,4,21.4L,15.0L,30.0L,29
762,Senior Data Scientist,5,26.2L,18.0L,36.0L,28
763,Senior Data Scientist,2,13.4L,9.0L,19.0L,28
764,Senior Data Scientist,3,18.9L,15.0L,25.0L,26
765,Senior Data Scientist,5,24.4L,14.0L,36.0L,25
766,Senior Data Scientist,2,23.8L,15.5L,30.0L,25
767,Senior Data Scientist,4,18.1L,9.0L,30.0L,25
768,Senior Data Scientist,4,14.7L,11.5L,21.0L,24
769,Senior Data Scientist,7,30.2L,14.2L,50.6L,22
770,Senior Data Scientist,4,56.4L,30.0L,100.0L,22
771,Senior Data Scientist,4,19.3L,14.4L,25.0L,22
772,Senior Data Scientist,4,16.8L,11.5L,26.0L,22
773,Senior Data Scientist,3,15.4L,12.0L,22.0L,21
774,Senior Data Scientist,3,14.3L,8.0L,22.3L,20
775,Senior Data Scientist,4,16.4L,7.1L,25.0L,20
776,Senior Data Scientist,1,9.9L,7.6L,16.0L,20
777,Senior Data Scientist,6,23.7L,18.0L,30.0L,19
778,Senior Data Scientist,4,16.0L,11.5L,22.0L,19
779,Senior Data Scientist,2,20.0L,12.3L,28.0L,19
780,Senior Data Scientist,4,30.0L,18.5L,46.0L,18
781,Senior Data Scientist,2,21.1L,14.2L,28.5L,18
782,Senior Data Scientist,4,15.0L,15.0L,15.2L,18
783,Senior Data Scientist,4,25.0L,16.0L,33.0L,17
784,Senior Data Scientist,2,31.6L,18.0L,50.0L,17
785,Senior Data Scientist,2,24.1L,16.1L,30.0L,16
786,Senior Data Scientist,2,9.9L,7.9L,13.7L,16
787,Senior Data Scientist,3,25.2L,20.0L,37.0L,16
788,Senior Data Scientist,5,16.4L,9.0L,26.0L,15
789,Senior Data Scientist,7,17.1L,11.0L,25.0L,15
790,Senior Data Scientist,6,40.7L,30.0L,45.0L,15
791,Senior Data Scientist,4,22.8L,16.0L,30.0L,15
792,Senior Data Scientist,4,18.6L,13.5L,27.5L,14
793,Senior Data Scientist,1,17.6L,10.0L,27.8L,14
794,Senior Data Scientist,2,18.4L,10.0L,35.0L,14
795,Senior Data Scientist,2,15.3L,11.0L,21.6L,14
796,Senior Data Scientist,2,23.1L,16.0L,36.5L,14
797,Senior Data Scientist,4,21.2L,13.0L,30.0L,14
798,Senior Data Scientist,3,19.5L,14.5L,30.0L,13
799,Senior Data Scientist,3,18.0L,10.0L,35.0L,13
800,Senior Data Scientist,5,17.8L,9.0L,28.1L,13
801,Senior Data Scientist,5,23.1L,14.0L,30.0L,13
802,Senior Data Scientist,4,24.2L,10.0L,35.0L,12
803,Senior Data Scientist,3,11.7L,9.0L,17.0L,12
804,Senior Data Scientist,5,27.7L,14.0L,51.0L,12
805,Senior Data Scientist,2,25.5L,18.2L,36.0L,12
806,Senior Data Scientist,3,28.0L,24.0L,33.0L,11
807,Senior Data Scientist,5,22.5L,16.0L,29.0L,11
808,Senior Data Scientist,2,15.3L,15.0L,16.0L,11
809,Senior Data Scientist,2,14.4L,10.0L,20.8L,11
810,Senior Data Scientist,4,17.6L,16.4L,19.5L,11
811,Senior Data Scientist,4,14.8L,12.0L,18.0L,11
812,Senior Data Scientist,4,21.2L,15.6L,26.0L,11
813,Senior Data Scientist,3,23.2L,15.0L,32.0L,11
814,Senior Data Scientist,3,12.3L,11.0L,14.0L,11
815,Senior Data Scientist,4,19.7L,16.2L,24.6L,10
816,Senior Data Scientist,3,20.7L,17.0L,30.0L,10
817,Senior Data Scientist,3,18.4L,12.4L,26.0L,10
818,Senior Data Scientist,3,12.1L,10.3L,16.0L,10
819,Senior Data Scientist,3,21.1L,10.3L,26.5L,10
820,Senior Data Scientist,5,30.5L,16.0L,51.0L,10
821,Senior Data Scientist,4,22.7L,13.1L,32.7L,10
822,Senior Data Scientist,2,18.0L,14.3L,25.0L,10
823,Senior Data Scientist,6,27.1L,22.5L,30.0L,9
824,Senior Data Scientist,2,17.8L,13.0L,26.0L,9
825,Senior Data Scientist,3,27.4L,23.0L,32.0L,9
826,Senior Data Scientist,5,22.2L,18.0L,27.5L,9
827,Senior Data Scientist,4,23.2L,19.0L,26.0L,8
828,Senior Data Scientist,3,20.6L,14.0L,30.0L,8
829,Senior Data Scientist,4,18.3L,12.0L,26.0L,8
830,Senior Data Scientist,1,30.9L,21.0L,37.0L,8
831,Senior Data Scientist,2,22.5L,15.0L,30.0L,8
832,Senior Data Scientist,4,26.8L,22.5L,32.0L,8
833,Senior Data Scientist,3,16.5L,13.9L,20.0L,8
834,Senior Data Scientist,5,22.1L,14.5L,29.0L,8
835,Senior Data Scientist,6,23.0L,17.0L,27.0L,8
836,Senior Data Scientist,3,21.4L,18.4L,27.0L,8
837,Senior Data Scientist,1,18.0L,14.5L,24.0L,8
838,Senior Data Scientist,2,13.3L,11.0L,15.4L,8
839,Senior Data Scientist,3,8.7L,8.0L,9.4L,8
840,Senior Data Scientist,3,14.5L,12.3L,15.0L,7
841,Senior Data Scientist,1,16.9L,5.2L,25.0L,7
842,Senior Data Scientist,5,18.4L,12.1L,23.5L,7
843,Senior Data Scientist,7,27.3L,22.0L,32.0L,7
844,Senior Data Scientist,5,22.6L,19.0L,25.9L,7
845,Senior Data Scientist,4,20.6L,16.5L,25.0L,7
846,Senior Data Scientist,9,20.2L,15.0L,25.0L,7
847,Senior Data Scientist,4,25.1L,18.5L,32.0L,7
848,Senior Data Scientist,1,20.0L,16.0L,30.0L,7
849,Senior Data Scientist,5,18.9L,15.5L,21.5L,7
850,Senior Data Scientist,6,18.6L,15.0L,23.5L,7
851,Senior Data Scientist,4,21.5L,13.5L,28.0L,7
852,Senior Data Scientist,7,26.7L,11.0L,37.0L,6
853,Senior Data Scientist,6,29.8L,22.0L,35.5L,6
854,Senior Data Scientist,4,18.2L,14.0L,22.0L,6
855,Senior Data Scientist,6,18.2L,1.0L,31.0L,6
856,Senior Data Scientist,4,10.3L,9.0L,11.1L,6
857,Senior Data Scientist,4,23.1L,16.0L,30.0L,6
858,Senior Data Scientist,5,24.1L,17.0L,35.0L,6
859,Senior Data Scientist,6,28.9L,23.7L,35.8L,6
860,Senior Data Scientist,2,28.3L,23.0L,32.0L,6
861,Senior Data Scientist,4,13.9L,11.5L,18.0L,6
862,Senior Data Scientist,4,15.2L,9.0L,24.0L,6
863,Senior Data Scientist,3,23.3L,22.0L,25.1L,6
864,Senior Data Scientist,2,15.3L,11.0L,17.8L,6
865,Senior Data Scientist,2,14.5L,8.8L,20.0L,6
866,Senior Data Scientist,3,23.2L,17.8L,29.9L,6
867,Senior Data Scientist,4,14.3L,12.0L,17.8L,6
868,Senior Data Scientist,3,31.6L,27.0L,40.0L,6
869,Senior Data Scientist,6,28.3L,21.0L,35.0L,6
870,Senior Data Scientist,5,25.0L,24.0L,27.0L,6
871,Senior Data Scientist,7,18.1L,15.0L,22.0L,6
872,Senior Data Scientist,3,31.0L,20.0L,42.0L,5
873,Senior Data Scientist,2,32.1L,27.0L,36.0L,5
874,Senior Data Scientist,7,17.8L,15.0L,19.5L,5
875,Senior Data Scientist,7,36.6L,17.2L,51.0L,5
876,Senior Data Scientist,3,16.2L,10.0L,20.0L,5
877,Senior Data Scientist,2,8.5L,8.5L,8.6L,5
878,Senior Data Scientist,2,11.9L,9.5L,13.5L,5
879,Senior Data Scientist,2,21.3L,10.0L,28.0L,5
880,Senior Data Scientist,3,18.9L,16.5L,20.7L,5
881,Senior Data Scientist,5,10.0L,9.0L,11.0L,5
882,Senior Data Scientist,6,19.7L,15.0L,23.5L,5
883,Senior Data Scientist,7,31.7L,18.6L,42.0L,5
884,Senior Data Scientist,3,22.4L,19.0L,25.0L,5
885,Senior Data Scientist,4,20.8L,14.0L,26.0L,5
886,Senior Data Scientist,4,18.4L,10.0L,27.5L,5
887,Senior Data Scientist,3,12.0L,9.5L,16.0L,5
888,Senior Data Scientist,4,27.3L,22.5L,34.0L,5
889,Senior Data Scientist,4,22.8L,14.0L,41.0L,5
890,Senior Data Scientist,6,24.4L,22.0L,32.0L,5
891,Senior Data Scientist,3,15.6L,4.0L,24.7L,5
892,Senior Data Scientist,3,18.8L,10.7L,25.0L,5
893,Senior Data Scientist,4,39.7L,6.0L,97.0L,5
894,Senior Data Scientist,9,34.4L,27.0L,39.4L,5
895,Senior Data Scientist,4,21.2L,12.0L,34.0L,5
896,Senior Data Scientist,8,27.6L,25.2L,30.0L,5
897,Senior Data Scientist,5,82.0L,55.0L,100.0L,5
898,Senior Data Scientist,3,14.9L,12.0L,18.5L,5
899,Senior Data Scientist,5,19.0L,13.0L,22.4L,5
900,Senior Data Scientist,4,23.6L,21.0L,29.0L,5
901,Senior Data Scientist,2,27.4L,18.0L,38.0L,5
902,Senior Data Scientist,2,31.7L,20.5L,40.0L,5
903,Senior Data Scientist,3,14.9L,12.1L,21.5L,5
904,Senior Data Scientist,4,25.2L,11.8L,37.0L,5
905,Senior Data Scientist,3,20.2L,19.8L,21.5L,5
906,Senior Data Scientist,7,24.6L,18.7L,35.0L,5
907,Senior Data Scientist,2,16.8L,14.5L,20.3L,5
908,Senior Data Scientist,2,12.3L,11.0L,15.0L,5
909,Senior Data Scientist,2,20.2L,12.2L,24.0L,5
910,Senior Data Scientist,4,39.6L,23.0L,51.0L,5
911,Senior Data Scientist,2,21.7L,18.0L,26.0L,5
912,Senior Data Scientist,5,18.0L,15.0L,28.0L,5
913,Senior Data Scientist,4,22.7L,19.3L,26.1L,5
914,Senior Data Scientist,8,29.5L,19.0L,39.5L,5
915,Senior Data Scientist,3,18.2L,9.0L,23.0L,5
916,Senior Data Scientist,4,16.6L,13.5L,21.0L,5
917,Senior Data Scientist,2,11.8L,1.0L,18.0L,5
918,Senior Data Scientist,5,30.4L,26.3L,35.0L,5
919,Senior Data Scientist,3,44.4L,11.6L,93.0L,5
920,Senior Data Scientist,0,24.6L,22.0L,28.0L,5
921,Senior Data Scientist,3,32.2L,29.9L,35.0L,5
922,Senior Data Scientist,10,29.0L,28.0L,30.0L,4
923,Senior Data Scientist,9,22.8L,20.3L,24.0L,4
924,Senior Data Scientist,3,17.5L,14.1L,22.0L,4
925,Senior Data Scientist,6,38.4L,35.4L,42.0L,4
926,Senior Data Scientist,2,12.8L,11.0L,14.0L,4
927,Senior Data Scientist,8,40.0L,30.0L,50.0L,4
928,Senior Data Scientist,7,14.1L,10.8L,15.8L,4
929,Senior Data Scientist,4,22.2L,20.0L,25.0L,4
930,Senior Data Scientist,6,25.1L,15.2L,33.0L,4
931,Senior Data Scientist,4,11.5L,5.8L,14.0L,4
932,Senior Data Scientist,5,20.4L,12.0L,27.5L,4
933,Senior Data Scientist,7,28.0L,26.0L,30.0L,4
934,Senior Data Scientist,4,31.8L,27.0L,35.0L,4
935,Senior Data Scientist,5,26.9L,11.9L,34.5L,4
936,Senior Business Analyst,3,7.7L,3.5L,14.0L,1100
937,Senior Business Analyst,3,10.3L,5.5L,15.4L,1100
938,Senior Business Analyst,2,9.8L,7.1L,13.8L,1000
939,Senior Business Analyst,2,13.9L,9.0L,18.7L,616
940,Senior Business Analyst,4,11.9L,6.4L,18.5L,384
941,Senior Business Analyst,4,9.9L,5.5L,16.5L,382
942,Senior Business Analyst,2,8.8L,6.2L,12.0L,308
943,Senior Business Analyst,4,12.8L,6.1L,22.0L,280
944,Senior Business Analyst,4,15.0L,6.5L,22.0L,267
945,Senior Business Analyst,5,10.7L,7.2L,15.0L,225
946,Senior Business Analyst,3,11.7L,7.0L,17.3L,223
947,Senior Business Analyst,6,17.1L,9.2L,24.0L,219
948,Senior Business Analyst,2,11.6L,4.5L,20.0L,213
949,Senior Business Analyst,3,11.1L,9.0L,14.4L,170
950,Senior Business Analyst,3,12.4L,5.1L,22.0L,158
951,Senior Business Analyst,2,15.0L,11.3L,19.0L,152
952,Senior Business Analyst,2,11.2L,9.0L,14.0L,150
953,Senior Business Analyst,4,8.8L,6.0L,13.0L,146
954,Senior Business Analyst,5,13.2L,9.5L,17.1L,145
955,Senior Business Analyst,4,14.8L,12.0L,18.5L,128
956,Senior Business Analyst,4,12.9L,7.0L,21.0L,128
957,Senior Business Analyst,2,9.2L,5.0L,18.5L,118
958,Senior Business Analyst,3,11.5L,6.8L,20.0L,118
959,Senior Business Analyst,5,12.0L,7.0L,19.0L,117
960,Senior Business Analyst,3,14.1L,6.3L,22.7L,110
961,Senior Business Analyst,1,9.0L,6.8L,12.0L,109
962,Senior Business Analyst,6,14.6L,8.6L,21.0L,94
963,Senior Business Analyst,6,18.5L,11.7L,24.8L,92
964,Senior Business Analyst,5,12.1L,7.5L,19.5L,91
965,Senior Business Analyst,3,12.7L,8.7L,18.0L,90
966,Senior Business Analyst,2,11.6L,8.5L,15.5L,84
967,Senior Business Analyst,4,12.3L,5.1L,23.0L,84
968,Senior Business Analyst,3,12.5L,7.0L,19.2L,83
969,Senior Business Analyst,6,15.8L,9.5L,24.0L,82
970,Senior Business Analyst,4,10.9L,6.1L,19.0L,80
971,Senior Business Analyst,3,20.4L,14.0L,27.5L,79
972,Senior Business Analyst,4,10.2L,5.1L,22.0L,79
973,Senior Business Analyst,1,7.0L,6.2L,8.4L,76
974,Senior Business Analyst,5,15.2L,7.1L,22.5L,74
975,Senior Business Analyst,3,11.1L,4.3L,23.2L,71
976,Senior Business Analyst,5,11.9L,8.0L,16.0L,69
977,Senior Business Analyst,4,9.7L,4.0L,19.0L,68
978,Senior Business Analyst,3,20.1L,4.5L,30.0L,67
979,Senior Business Analyst,7,21.9L,17.0L,25.5L,64
980,Senior Business Analyst,4,7.2L,5.0L,12.5L,64
981,Senior Business Analyst,4,8.7L,5.1L,15.0L,63
982,Senior Business Analyst,5,14.6L,9.4L,20.0L,63
983,Senior Business Analyst,7,20.5L,15.5L,27.0L,63
984,Senior Business Analyst,10,28.0L,21.0L,36.0L,62
985,Senior Business Analyst,5,16.7L,12.7L,20.8L,62
986,Senior Business Analyst,3,8.0L,4.1L,16.4L,62
987,Senior Business Analyst,3,10.8L,7.2L,16.0L,62
988,Senior Business Analyst,4,16.3L,10.0L,23.4L,62
989,Senior Business Analyst,2,13.8L,11.5L,15.0L,61
990,Senior Business Analyst,3,13.0L,9.5L,18.0L,58
991,Senior Business Analyst,3,15.0L,4.1L,30.0L,56
992,Senior Business Analyst,5,15.5L,8.5L,23.6L,55
993,Senior Business Analyst,7,25.6L,15.5L,35.2L,53
994,Senior Business Analyst,6,17.6L,9.8L,25.0L,53
995,Senior Business Analyst,2,10.3L,6.8L,12.3L,52
996,Senior Business Analyst,4,10.8L,6.9L,16.1L,51
997,Senior Business Analyst,4,12.0L,8.5L,18.5L,50
998,Senior Business Analyst,3,12.6L,4.2L,20.0L,50
999,Senior Business Analyst,5,12.6L,7.0L,17.0L,49
1000,Senior Business Analyst,5,13.4L,9.0L,20.0L,49
1001,Senior Business Analyst,3,15.7L,6.0L,25.0L,49
1002,Senior Business Analyst,4,13.3L,5.5L,19.8L,47
1003,Senior Business Analyst,3,14.2L,7.1L,22.7L,47
1004,Senior Business Analyst,5,17.7L,11.3L,26.5L,47
1005,Senior Business Analyst,5,14.5L,10.0L,18.2L,46
1006,Senior Business Analyst,3,9.2L,7.0L,12.1L,46
1007,Senior Business Analyst,5,18.0L,13.8L,22.7L,44
1008,Senior Business Analyst,2,3.7L,2.7L,6.2L,43
1009,Senior Business Analyst,2,6.2L,4.3L,8.3L,42
1010,Senior Business Analyst,3,7.9L,3.6L,16.0L,42
1011,Senior Business Analyst,2,6.5L,3.0L,13.6L,42
1012,Senior Business Analyst,2,4.2L,3.2L,6.0L,42
1013,Senior Business Analyst,3,19.5L,8.2L,25.5L,42
1014,Senior Business Analyst,3,16.2L,12.3L,24.0L,41
1015,Senior Business Analyst,5,15.9L,13.5L,19.0L,40
1016,Senior Business Analyst,4,9.6L,6.2L,16.3L,40
1017,Senior Business Analyst,6,15.7L,12.5L,18.9L,40
1018,Senior Business Analyst,0,7.8L,6.5L,9.5L,40
1019,Senior Business Analyst,3,12.5L,5.0L,22.9L,40
1020,Senior Business Analyst,5,12.7L,8.0L,17.3L,39
1021,Senior Business Analyst,4,9.9L,6.3L,15.0L,38
1022,Senior Business Analyst,4,8.7L,6.2L,14.0L,37
1023,Senior Business Analyst,5,15.8L,11.0L,22.5L,36
1024,Senior Business Analyst,5,13.4L,9.5L,18.6L,36
1025,Senior Business Analyst,2,13.4L,10.0L,19.0L,36
1026,Senior Business Analyst,4,14.4L,9.5L,18.0L,35
1027,Senior Business Analyst,0,6.0L,4.0L,9.3L,35
1028,Senior Business Analyst,5,15.3L,10.0L,21.0L,35
1029,Senior Business Analyst,7,18.4L,11.0L,29.9L,35
1030,Senior Business Analyst,2,11.7L,9.2L,14.0L,35
1031,Senior Business Analyst,6,15.7L,10.3L,21.0L,34
1032,Senior Business Analyst,1,10.0L,8.0L,13.6L,34
1033,Senior Business Analyst,4,8.5L,5.2L,15.0L,33
1034,Senior Business Analyst,1,8.6L,6.3L,13.0L,32
1035,Senior Business Analyst,2,19.3L,16.0L,23.0L,32
1036,Senior Business Analyst,2,18.7L,12.5L,24.0L,32
1037,Senior Business Analyst,3,10.5L,6.4L,14.0L,31
1038,Senior Business Analyst,2,4.3L,3.5L,5.9L,31
1039,Senior Business Analyst,3,14.6L,10.0L,18.5L,31
1040,Senior Business Analyst,8,18.0L,11.0L,29.8L,31
1041,Senior Business Analyst,3,12.3L,6.6L,20.0L,31
1042,Senior Business Analyst,4,13.3L,5.8L,17.5L,31
1043,Senior Business Analyst,7,18.7L,14.3L,24.1L,31
1044,Senior Business Analyst,6,17.6L,11.1L,24.9L,31
1045,Senior Business Analyst,5,13.9L,11.0L,17.7L,30
1046,Senior Business Analyst,4,11.7L,8.0L,20.0L,30
1047,Senior Business Analyst,2,18.4L,13.8L,22.0L,30
1048,Senior Business Analyst,3,9.8L,6.0L,19.0L,29
1049,Senior Business Analyst,6,14.9L,10.0L,20.0L,29
1050,Senior Business Analyst,5,12.8L,7.0L,20.0L,28
1051,Senior Business Analyst,6,10.9L,5.0L,23.0L,28
1052,Senior Business Analyst,3,20.4L,13.8L,26.0L,28
1053,Senior Business Analyst,2,5.1L,3.4L,6.6L,27
1054,Senior Business Analyst,2,7.1L,4.0L,14.0L,27
1055,Senior Business Analyst,5,12.3L,5.3L,21.0L,27
1056,Senior Business Analyst,5,7.4L,5.2L,9.5L,27
1057,Senior Business Analyst,2,5.5L,2.8L,17.0L,27
1058,Senior Business Analyst,5,13.4L,5.0L,22.0L,27
1059,Senior Business Analyst,6,17.5L,11.5L,21.7L,27
1060,Senior Business Analyst,4,12.6L,6.0L,22.0L,27
1061,Senior Business Analyst,1,3.0L,2.4L,3.6L,27
1062,Senior Business Analyst,5,13.4L,5.9L,18.5L,26
1063,Senior Business Analyst,5,12.5L,8.0L,18.0L,26
1064,Senior Business Analyst,4,16.9L,12.0L,22.0L,25
1065,Senior Business Analyst,5,15.6L,11.7L,20.5L,25
1066,Senior Business Analyst,1,11.8L,10.0L,16.0L,24
1067,Senior Business Analyst,4,11.7L,5.0L,19.5L,24
1068,Senior Business Analyst,7,22.0L,16.0L,24.8L,24
1069,Senior Business Analyst,7,18.2L,15.0L,20.2L,24
1070,Senior Business Analyst,6,18.7L,13.0L,25.0L,24
1071,Senior Business Analyst,5,13.7L,9.0L,20.0L,24
1072,Senior Business Analyst,4,13.4L,11.0L,16.0L,23
1073,Senior Business Analyst,6,17.2L,11.7L,22.5L,23
1074,Senior Business Analyst,3,10.5L,8.5L,13.0L,23
1075,Senior Business Analyst,4,9.8L,6.5L,13.5L,23
1076,Senior Business Analyst,3,6.2L,4.9L,9.5L,23
1077,Senior Business Analyst,7,20.7L,16.2L,25.0L,23
1078,Senior Business Analyst,6,13.8L,7.0L,22.8L,23
1079,Senior Business Analyst,1,7.9L,5.5L,11.5L,23
1080,Senior Business Analyst,6,17.1L,11.2L,23.0L,23
1081,Senior Business Analyst,4,13.2L,7.1L,20.0L,22
1082,Senior Business Analyst,5,28.3L,21.0L,38.0L,22
1083,Senior Business Analyst,9,22.3L,15.0L,28.0L,22
1084,Senior Business Analyst,2,3.3L,2.4L,4.3L,22
1085,Senior Business Analyst,3,10.0L,8.0L,14.0L,22
1086,Senior Business Analyst,6,14.3L,9.0L,23.0L,22
1087,Senior Business Analyst,7,22.5L,15.0L,30.5L,22
1088,Senior Business Analyst,3,14.4L,9.3L,22.0L,22
1089,Senior Business Analyst,6,20.1L,13.8L,28.0L,22
1090,Senior Business Analyst,4,8.2L,5.5L,12.0L,21
1091,Senior Business Analyst,5,12.1L,6.8L,17.1L,21
1092,Senior Business Analyst,3,6.1L,5.2L,7.5L,21
1093,Senior Business Analyst,3,6.7L,4.9L,8.7L,21
1094,Senior Business Analyst,6,16.3L,10.2L,25.0L,21
1095,Senior Business Analyst,7,15.2L,13.2L,17.5L,21
1096,Senior Business Analyst,3,13.4L,9.5L,17.0L,21
1097,Senior Business Analyst,7,13.6L,9.7L,17.5L,20
1098,Senior Business Analyst,6,17.0L,13.0L,21.9L,20
1099,Senior Business Analyst,5,15.9L,10.0L,23.8L,20
1100,Senior Business Analyst,5,10.0L,7.1L,14.0L,20
1101,Senior Business Analyst,7,22.9L,10.8L,33.0L,20
1102,Senior Business Analyst,2,15.7L,10.0L,22.0L,20
1103,Senior Business Analyst,8,18.0L,15.5L,23.0L,20
1104,Senior Business Analyst,4,11.3L,8.5L,14.5L,20
1105,Senior Business Analyst,3,5.7L,4.1L,10.5L,19
1106,Senior Business Analyst,2,14.0L,10.2L,21.0L,19
1107,Senior Business Analyst,7,17.5L,11.0L,25.2L,19
1108,Senior Business Analyst,6,16.8L,13.5L,20.0L,19
1109,Senior Business Analyst,4,8.6L,5.5L,11.0L,19
1110,Senior Business Analyst,6,14.2L,8.4L,24.1L,19
1111,Senior Business Analyst,5,20.2L,15.8L,25.0L,19
1112,Senior Business Analyst,3,15.6L,9.2L,21.1L,19
1113,Senior Business Analyst,0,13.0L,4.0L,25.0L,18
1114,Senior Business Analyst,2,10.7L,3.5L,22.0L,18
1115,Senior Business Analyst,3,9.0L,3.4L,15.0L,18
1116,Senior Business Analyst,4,9.9L,5.9L,13.3L,18
1117,Senior Business Analyst,2,16.9L,6.6L,21.0L,18
1118,Senior Business Analyst,4,9.3L,6.0L,13.0L,17
1119,Senior Business Analyst,3,9.1L,6.5L,12.5L,17
1120,Senior Business Analyst,0,9.4L,6.0L,17.0L,17
1121,Senior Business Analyst,5,13.6L,9.0L,18.0L,17
1122,Senior Business Analyst,6,14.8L,9.9L,20.0L,17
1123,Senior Data Analyst,3,9.9L,6.5L,14.6L,213
1124,Senior Data Analyst,1,4.7L,3.8L,7.1L,129
1125,Senior Data Analyst,3,6.0L,2.9L,11.2L,118
1126,Senior Data Analyst,3,3.2L,2.8L,3.8L,110
1127,Senior Data Analyst,2,6.2L,3.0L,15.2L,109
1128,Senior Data Analyst,1,4.3L,3.0L,7.2L,90
1129,Senior Data Analyst,2,4.6L,3.1L,7.5L,85
1130,Senior Data Analyst,3,9.5L,6.0L,15.3L,71
1131,Senior Data Analyst,3,11.8L,6.0L,17.6L,66
1132,Senior Data Analyst,2,7.1L,3.0L,11.7L,54
1133,Senior Data Analyst,2,7.1L,4.0L,13.0L,53
1134,Senior Data Analyst,2,6.2L,3.0L,10.0L,53
1135,Senior Data Analyst,2,6.5L,3.5L,10.5L,52
1136,Senior Data Analyst,2,6.1L,3.0L,15.4L,52
1137,Senior Data Analyst,5,16.2L,11.0L,21.5L,51
1138,Senior Data Analyst,2,15.2L,9.3L,22.0L,50
1139,Senior Data Analyst,2,3.5L,2.5L,5.0L,46
1140,Senior Data Analyst,3,9.9L,5.3L,15.0L,45
1141,Senior Data Analyst,1,11.3L,9.0L,15.0L,45
1142,Senior Data Analyst,5,17.2L,8.0L,26.0L,44
1143,Senior Data Analyst,3,11.1L,6.3L,19.0L,43
1144,Senior Data Analyst,4,3.6L,2.5L,5.3L,43
1145,Senior Data Analyst,2,3.8L,3.1L,5.0L,42
1146,Senior Data Analyst,3,10.2L,6.2L,14.9L,39
1147,Senior Data Analyst,4,17.4L,10.0L,24.5L,38
1148,Senior Data Analyst,2,5.0L,3.8L,6.3L,37
1149,Senior Data Analyst,5,19.7L,16.0L,24.0L,36
1150,Senior Data Analyst,3,11.7L,9.0L,18.0L,33
1151,Senior Data Analyst,4,29.0L,16.5L,40.0L,32
1152,Senior Data Analyst,3,7.4L,5.1L,12.9L,29
1153,Senior Data Analyst,4,11.1L,6.1L,18.5L,28
1154,Senior Data Analyst,3,16.6L,5.9L,22.0L,28
1155,Senior Data Analyst,3,12.2L,7.3L,19.0L,28
1156,Senior Data Analyst,3,13.7L,7.8L,23.0L,28
1157,Senior Data Analyst,2,9.9L,6.1L,15.0L,28
1158,Senior Data Analyst,3,4.3L,3.4L,5.5L,27
1159,Senior Data Analyst,4,14.6L,6.0L,22.0L,26
1160,Senior Data Analyst,2,3.5L,2.5L,4.8L,25
1161,Senior Data Analyst,3,4.9L,3.6L,6.3L,25
1162,Senior Data Analyst,2,10.8L,9.2L,12.5L,25
1163,Senior Data Analyst,1,9.6L,7.0L,12.0L,23
1164,Senior Data Analyst,3,14.4L,10.0L,20.0L,23
1165,Senior Data Analyst,2,16.1L,11.5L,20.9L,23
1166,Senior Data Analyst,4,10.0L,6.0L,19.0L,22
1167,Senior Data Analyst,3,7.1L,5.4L,9.0L,22
1168,Senior Data Analyst,2,4.8L,4.0L,5.4L,21
1169,Senior Data Analyst,3,20.7L,12.9L,27.2L,20
1170,Senior Data Analyst,2,8.6L,3.9L,25.5L,19
1171,Senior Data Analyst,2,15.0L,11.6L,18.9L,19
1172,Senior Data Analyst,1,8.0L,5.5L,11.0L,19
1173,Senior Data Analyst,2,8.0L,6.0L,12.6L,19
1174,Senior Data Analyst,3,8.0L,5.7L,11.0L,19
1175,Senior Data Analyst,2,7.6L,4.0L,12.0L,18
1176,Senior Data Analyst,5,14.0L,6.9L,20.0L,18
1177,Senior Data Analyst,3,5.4L,3.9L,6.9L,18
1178,Senior Data Analyst,1,8.0L,4.2L,11.8L,18
1179,Senior Data Analyst,4,6.3L,4.0L,10.6L,17
1180,Senior Data Analyst,2,9.6L,6.0L,17.0L,17
1181,Senior Data Analyst,2,6.1L,4.0L,8.0L,17
1182,Senior Data Analyst,3,6.2L,4.3L,11.0L,17
1183,Senior Data Analyst,2,7.2L,4.0L,11.5L,17
1184,Senior Data Analyst,0,7.4L,5.2L,10.5L,17
1185,Senior Data Analyst,2,11.9L,7.1L,16.0L,17
1186,Senior Data Analyst,2,7.5L,5.0L,12.5L,16
1187,Senior Data Analyst,2,6.0L,4.5L,8.4L,16
1188,Senior Data Analyst,0,1.9L,1.4L,2.5L,16
1189,Senior Data Analyst,3,12.8L,7.4L,18.0L,16
1190,Senior Data Analyst,4,8.8L,7.5L,10.3L,16
1191,Senior Data Analyst,3,11.1L,5.8L,20.0L,16
1192,Senior Data Analyst,2,15.6L,11.4L,20.5L,15
1193,Senior Data Analyst,1,17.4L,10.4L,20.0L,15
1194,Senior Data Analyst,3,14.2L,10.0L,18.1L,15
1195,Senior Data Analyst,3,13.8L,9.0L,19.4L,15
1196,Senior Data Analyst,2,2.9L,2.5L,3.5L,15
1197,Senior Data Analyst,4,12.0L,5.8L,20.0L,15
1198,Senior Data Analyst,3,6.3L,4.5L,13.0L,15
1199,Senior Data Analyst,3,7.6L,5.0L,11.0L,15
1200,Senior Data Analyst,3,7.7L,4.2L,15.0L,15
1201,Senior Data Analyst,4,5.1L,4.5L,6.5L,14
1202,Senior Data Analyst,4,5.1L,3.8L,6.2L,14
1203,Senior Data Analyst,2,8.9L,5.0L,13.0L,14
1204,Senior Data Analyst,2,12.8L,6.0L,19.0L,14
1205,Senior Data Analyst,5,6.1L,4.9L,8.3L,14
1206,Senior Data Analyst,5,19.2L,11.7L,26.0L,14
1207,Senior Data Analyst,2,5.9L,3.1L,9.5L,14
1208,Senior Data Analyst,1,3.6L,3.3L,4.3L,14
1209,Senior Data Analyst,2,3.0L,2.0L,4.0L,14
1210,Senior Data Analyst,0,4.7L,4.2L,5.2L,14
1211,Senior Data Analyst,3,8.8L,5.0L,17.7L,13
1212,Senior Data Analyst,5,6.9L,4.9L,9.5L,13
1213,Senior Data Analyst,4,7.5L,6.0L,9.0L,12
1214,Senior Data Analyst,3,7.1L,4.0L,12.0L,12
1215,Senior Data Analyst,2,6.6L,5.0L,8.5L,12
1216,Senior Data Analyst,2,17.4L,16.0L,19.5L,12
1217,Senior Data Analyst,1,4.6L,3.0L,6.5L,12
1218,Senior Data Analyst,2,14.7L,6.1L,25.0L,12
1219,Senior Data Analyst,0,7.7L,6.3L,10.0L,11
1220,Senior Data Analyst,4,5.8L,5.0L,7.0L,11
1221,Senior Data Analyst,4,3.1L,2.8L,3.5L,11
1222,Senior Data Analyst,2,6.7L,3.5L,9.8L,11
1223,Senior Data Analyst,0,5.0L,3.5L,7.0L,11
1224,Senior Data Analyst,0,1.9L,1.4L,2.2L,11
1225,Senior Data Analyst,2,8.9L,3.8L,17.0L,11
1226,Senior Data Analyst,5,14.5L,9.8L,20.0L,10
1227,Senior Data Analyst,3,10.4L,4.9L,13.5L,10
1228,Senior Data Analyst,4,12.4L,7.9L,20.0L,10
1229,Senior Data Analyst,2,13.7L,9.9L,18.0L,10
1230,Senior Data Analyst,3,9.4L,8.5L,11.1L,10
1231,Senior Data Analyst,5,19.7L,13.5L,24.0L,10
1232,Senior Data Analyst,3,4.6L,4.0L,5.5L,10
1233,Senior Data Analyst,5,8.2L,6.6L,9.8L,10
1234,Senior Data Analyst,3,5.7L,5.0L,7.0L,10
1235,Senior Data Analyst,2,8.7L,7.5L,10.5L,10
1236,Senior Data Analyst,3,7.0L,6.0L,8.3L,10
1237,Senior Data Analyst,3,13.9L,11.0L,17.0L,10
1238,Senior Data Analyst,6,17.6L,11.2L,22.3L,10
1239,Senior Data Analyst,4,11.4L,7.0L,16.0L,9
1240,Senior Data Analyst,3,6.9L,2.5L,12.0L,9
1241,Senior Data Analyst,1,17.7L,10.0L,26.5L,9
1242,Senior Data Analyst,2,14.9L,6.5L,20.4L,9
1243,Senior Data Analyst,2,12.7L,5.0L,30.0L,9
1244,Senior Data Analyst,3,6.2L,3.5L,8.5L,9
1245,Senior Data Analyst,1,10.3L,5.8L,15.5L,9
1246,Senior Data Analyst,4,3.4L,2.7L,5.5L,9
1247,Senior Data Analyst,3,10.2L,5.2L,15.8L,9
1248,Senior Data Analyst,3,12.4L,8.0L,15.3L,9
1249,Senior Data Analyst,4,3.6L,3.1L,4.0L,9
1250,Senior Data Analyst,5,15.0L,12.6L,17.5L,9
1251,Senior Data Analyst,3,12.8L,9.0L,17.0L,9
1252,Senior Data Analyst,4,7.4L,5.0L,9.0L,8
1253,Senior Data Analyst,7,5.8L,4.6L,7.5L,8
1254,Senior Data Analyst,2,3.0L,2.0L,4.4L,8
1255,Senior Data Analyst,2,5.7L,4.5L,7.4L,8
1256,Senior Data Analyst,5,9.5L,8.1L,10.5L,8
1257,Senior Data Analyst,2,5.9L,5.0L,7.0L,8
1258,Senior Data Analyst,4,9.7L,6.5L,14.0L,8
1259,Senior Data Analyst,3,10.5L,8.0L,15.0L,8
1260,Senior Data Analyst,3,7.1L,5.0L,9.0L,8
1261,Senior Data Analyst,3,7.6L,4.8L,10.0L,8
1262,Senior Data Analyst,4,18.5L,10.5L,27.4L,8
1263,Senior Data Analyst,2,13.0L,11.0L,15.0L,8
1264,Senior Data Analyst,3,15.7L,13.2L,18.9L,8
1265,Senior Data Analyst,3,6.4L,5.0L,9.2L,8
1266,Senior Data Analyst,1,9.1L,7.8L,12.3L,8
1267,Senior Data Analyst,5,17.9L,11.5L,23.1L,8
1268,Senior Data Analyst,5,14.4L,10.0L,20.0L,8
1269,Senior Data Analyst,0,7.0L,5.0L,8.3L,8
1270,Senior Data Analyst,4,10.3L,9.0L,11.5L,8
1271,Senior Data Analyst,2,12.6L,8.0L,17.0L,8
1272,Senior Data Analyst,1,16.7L,13.5L,23.0L,8
1273,Senior Data Analyst,3,4.2L,4.0L,5.0L,8
1274,Senior Data Analyst,1,7.5L,5.6L,11.0L,7
1275,Senior Data Analyst,2,4.5L,4.0L,5.0L,7
1276,Senior Data Analyst,4,12.2L,9.0L,15.5L,7
1277,Senior Data Analyst,7,15.3L,13.2L,20.3L,7
1278,Senior Data Analyst,6,15.5L,12.0L,21.5L,7
1279,Senior Data Analyst,1,4.9L,4.5L,5.2L,7
1280,Senior Data Analyst,2,7.0L,3.8L,12.2L,7
1281,Senior Data Analyst,1,5.3L,3.8L,6.5L,7
1282,Senior Data Analyst,4,4.3L,3.4L,5.2L,7
1283,Senior Data Analyst,5,9.4L,6.5L,12.2L,7
1284,Senior Data Analyst,1,5.0L,3.5L,6.8L,7
1285,Senior Data Analyst,3,6.8L,4.0L,8.5L,7
1286,Senior Data Analyst,3,12.1L,5.1L,20.8L,7
1287,Senior Data Analyst,6,14.3L,11.7L,21.0L,7
1288,Senior Data Analyst,2,4.9L,3.5L,6.2L,7
1289,Senior Data Analyst,0,6.2L,5.5L,7.3L,7
1290,Senior Data Analyst,3,10.5L,10.0L,11.0L,7
1291,Senior Data Analyst,5,11.9L,7.5L,23.0L,7
1292,Senior Data Analyst,6,13.9L,11.0L,16.0L,7
1293,Senior Data Analyst,2,6.0L,4.5L,6.8L,7
1294,Senior Data Analyst,3,14.9L,7.5L,20.0L,7
1295,Senior Data Analyst,4,12.2L,10.0L,13.5L,7
1296,Senior Data Analyst,1,25.2L,20.0L,28.0L,7
1297,Senior Data Analyst,2,17.0L,14.0L,21.0L,7
1298,Senior Data Analyst,4,9.1L,8.0L,10.8L,6
1299,Senior Data Analyst,3,8.5L,7.5L,9.1L,6
1300,Senior Data Analyst,5,8.4L,7.0L,9.0L,6
1301,Senior Data Analyst,3,14.9L,11.8L,17.4L,6
1302,Senior Data Analyst,5,6.6L,5.0L,9.0L,6
1303,Senior Data Analyst,2,6.7L,6.0L,9.5L,6
1304,Senior Data Analyst,3,11.4L,9.4L,15.0L,6
1305,Senior Data Analyst,1,4.3L,3.6L,5.0L,6
1306,Senior Data Analyst,3,5.5L,5.0L,6.6L,6
1307,Senior Data Analyst,6,6.1L,5.6L,6.6L,6
1308,Senior Data Analyst,3,10.0L,4.5L,17.5L,6
1309,Senior Data Analyst,5,10.4L,6.0L,12.0L,6
1310,Senior Data Engineer,2,11.0L,6.0L,17.0L,729
1311,Senior Data Engineer,2,15.0L,9.5L,22.5L,137
1312,Senior Data Engineer,3,16.9L,10.0L,25.0L,112
1313,Senior Data Engineer,5,21.1L,13.4L,31.0L,110
1314,Senior Data Engineer,5,16.5L,11.9L,21.0L,83
1315,Senior Data Engineer,3,14.3L,9.5L,22.9L,83
1316,Senior Data Engineer,5,13.3L,7.9L,20.9L,65
1317,Senior Data Engineer,7,21.9L,16.9L,31.5L,64
1318,Senior Data Engineer,4,15.2L,9.5L,21.1L,56
1319,Senior Data Engineer,4,15.3L,12.0L,18.6L,53
1320,Senior Data Engineer,4,15.1L,9.0L,23.0L,51
1321,Senior Data Engineer,4,19.4L,15.0L,26.0L,51
1322,Senior Data Engineer,4,21.8L,16.0L,30.0L,49
1323,Senior Data Engineer,2,15.8L,11.5L,20.0L,46
1324,Senior Data Engineer,6,35.7L,23.0L,49.3L,44
1325,Senior Data Engineer,3,23.3L,11.2L,36.0L,42
1326,Senior Data Engineer,5,16.1L,12.2L,25.0L,42
1327,Senior Data Engineer,4,13.1L,8.0L,20.0L,40
1328,Senior Data Engineer,2,10.4L,6.5L,16.0L,40
1329,Senior Data Engineer,2,6.7L,5.8L,10.0L,36
1330,Senior Data Engineer,3,16.4L,6.8L,23.5L,35
1331,Senior Data Engineer,5,13.5L,10.0L,18.6L,34
1332,Senior Data Engineer,3,27.3L,20.0L,32.6L,31
1333,Senior Data Engineer,3,18.5L,12.0L,28.5L,30
1334,Senior Data Engineer,2,5.4L,4.2L,6.6L,28
1335,Senior Data Engineer,4,18.0L,5.0L,30.0L,28
1336,Senior Data Engineer,5,18.9L,16.0L,25.0L,26
1337,Senior Data Engineer,3,15.5L,9.0L,22.0L,26
1338,Senior Data Engineer,3,22.1L,15.5L,30.0L,25
1339,Senior Data Engineer,4,14.3L,7.3L,27.0L,23
1340,Senior Data Engineer,4,16.3L,10.5L,22.0L,23
1341,Senior Data Engineer,6,32.0L,18.0L,45.0L,19
1342,Senior Data Engineer,5,14.7L,9.6L,24.2L,19
1343,Senior Data Engineer,5,22.1L,15.0L,28.0L,19
1344,Senior Data Engineer,5,17.8L,13.0L,24.8L,18
1345,Senior Data Engineer,6,28.8L,20.0L,36.5L,18
1346,Senior Data Engineer,4,23.1L,17.0L,27.0L,18
1347,Senior Data Engineer,2,15.0L,14.5L,15.5L,17
1348,Senior Data Engineer,4,19.3L,14.0L,25.2L,16
1349,Senior Data Engineer,4,23.5L,16.5L,33.0L,16
1350,Senior Data Engineer,3,24.1L,17.0L,32.0L,16
1351,Senior Data Engineer,5,31.0L,27.0L,35.0L,16
1352,Senior Data Engineer,5,19.8L,12.5L,29.0L,16
1353,Senior Data Engineer,5,17.5L,13.5L,25.0L,14
1354,Senior Data Engineer,4,14.5L,9.3L,21.0L,14
1355,Senior Data Engineer,0,11.8L,9.0L,15.6L,14
1356,Senior Data Engineer,4,17.1L,13.5L,22.3L,14
1357,Senior Data Engineer,5,16.3L,9.5L,24.5L,13
1358,Senior Data Engineer,4,24.7L,20.1L,28.0L,13
1359,Senior Data Engineer,2,8.7L,4.5L,15.5L,13
1360,Senior Data Engineer,5,22.3L,11.9L,28.0L,13
1361,Senior Data Engineer,2,17.5L,15.0L,22.0L,12
1362,Senior Data Engineer,7,27.1L,16.0L,40.0L,12
1363,Senior Data Engineer,4,16.9L,11.0L,22.0L,12
1364,Senior Data Engineer,2,13.2L,11.0L,18.0L,12
1365,Senior Data Engineer,5,17.1L,12.3L,19.8L,12
1366,Senior Data Engineer,2,13.8L,9.0L,22.0L,11
1367,Senior Data Engineer,4,21.5L,16.2L,29.5L,11
1368,Senior Data Engineer,7,31.7L,20.8L,43.1L,11
1369,Senior Data Engineer,10,25.9L,22.0L,32.0L,11
1370,Senior Data Engineer,1,10.7L,8.0L,15.0L,11
1371,Senior Data Engineer,5,29.2L,15.0L,51.0L,11
1372,Senior Data Engineer,4,13.5L,12.0L,17.0L,10
1373,Senior Data Engineer,4,8.1L,6.4L,10.0L,10
1374,Senior Data Engineer,3,29.2L,20.0L,37.8L,10
1375,Senior Data Engineer,3,14.0L,10.0L,17.5L,10
1376,Senior Data Engineer,2,13.2L,9.2L,18.0L,10
1377,Senior Data Engineer,2,11.1L,8.5L,16.5L,10
1378,Senior Data Engineer,4,17.6L,10.0L,30.2L,9
1379,Senior Data Engineer,2,13.6L,10.0L,18.0L,9
1380,Senior Data Engineer,3,24.9L,9.0L,35.0L,9
1381,Senior Data Engineer,1,14.4L,9.7L,19.0L,9
1382,Senior Data Engineer,8,26.4L,20.0L,35.0L,9
1383,Senior Data Engineer,4,15.1L,11.0L,25.0L,9
1384,Senior Data Engineer,8,18.7L,16.0L,24.0L,9
1385,Senior Data Engineer,5,17.4L,12.3L,21.0L,9
1386,Senior Data Engineer,2,18.6L,15.0L,23.0L,9
1387,Senior Data Engineer,2,19.9L,11.0L,28.6L,9
1388,Senior Data Engineer,7,29.5L,23.0L,37.0L,9
1389,Senior Data Engineer,4,17.0L,11.4L,24.0L,9
1390,Senior Data Engineer,5,26.6L,19.0L,33.0L,8
1391,Senior Data Engineer,3,15.7L,10.0L,18.8L,8
1392,Senior Data Engineer,4,16.4L,12.0L,21.0L,8
1393,Senior Data Engineer,7,18.5L,14.5L,23.5L,8
1394,Senior Data Engineer,5,20.4L,14.0L,30.0L,8
1395,Senior Data Engineer,4,16.1L,13.5L,19.3L,8
1396,Senior Data Engineer,7,28.6L,22.0L,40.0L,8
1397,Senior Data Engineer,3,20.1L,18.0L,24.0L,8
1398,Senior Data Engineer,5,13.8L,8.7L,20.0L,8
1399,Senior Data Engineer,4,15.2L,10.0L,21.0L,8
1400,Senior Data Engineer,3,26.4L,17.0L,37.0L,7
1401,Senior Data Engineer,4,16.5L,13.7L,21.2L,7
1402,Senior Data Engineer,4,18.9L,18.0L,20.0L,7
1403,Senior Data Engineer,6,23.7L,19.0L,28.0L,7
1404,Senior Data Engineer,5,19.8L,14.0L,32.0L,7
1405,Senior Data Engineer,4,16.8L,10.6L,21.5L,7
1406,Senior Data Engineer,4,17.3L,13.0L,21.5L,7
1407,Senior Data Engineer,5,19.5L,15.0L,23.0L,7
1408,Senior Data Engineer,4,25.9L,20.0L,33.0L,7
1409,Senior Data Engineer,4,23.1L,18.8L,28.0L,7
1410,Senior Data Engineer,4,7.7L,7.0L,9.2L,7
1411,Senior Data Engineer,5,16.4L,10.5L,26.0L,7
1412,Senior Data Engineer,5,16.1L,12.0L,20.0L,7
1413,Senior Data Engineer,9,14.0L,11.0L,19.0L,6
1414,Senior Data Engineer,4,10.0L,7.3L,11.7L,6
1415,Senior Data Engineer,7,15.4L,11.0L,17.4L,6
1416,Senior Data Engineer,4,12.0L,8.8L,13.5L,6
1417,Senior Data Engineer,6,16.3L,14.0L,18.0L,6
1418,Senior Data Engineer,5,8.2L,7.7L,9.1L,6
1419,Senior Data Engineer,3,13.5L,11.3L,16.0L,6
1420,Senior Data Engineer,7,25.4L,17.4L,32.0L,6
1421,Senior Data Engineer,4,13.3L,7.5L,23.0L,6
1422,Senior Data Engineer,4,16.8L,10.7L,23.0L,6
1423,Senior Data Engineer,8,22.2L,21.0L,23.0L,6
1424,Senior Data Engineer,8,21.4L,16.0L,27.1L,6
1425,Senior Data Engineer,8,39.0L,26.0L,47.0L,5
1426,Senior Data Engineer,6,34.8L,30.0L,41.3L,5
1427,Senior Data Engineer,5,14.5L,10.0L,16.0L,5
1428,Senior Data Engineer,6,24.0L,19.0L,27.0L,5
1429,Senior Data Engineer,6,20.2L,17.0L,25.0L,5
1430,Senior Data Engineer,7,18.0L,14.2L,23.0L,5
1431,Senior Data Engineer,4,20.0L,14.0L,24.0L,5
1432,Senior Data Engineer,8,24.5L,21.5L,28.0L,5
1433,Senior Data Engineer,7,16.9L,15.0L,19.9L,5
1434,Senior Data Engineer,4,8.5L,7.0L,9.8L,5
1435,Senior Data Engineer,7,21.2L,17.5L,23.5L,5
1436,Senior Data Engineer,4,16.0L,11.3L,22.6L,5
1437,Senior Data Engineer,7,19.6L,17.4L,21.0L,5
1438,Senior Data Engineer,4,18.6L,10.0L,29.5L,5
1439,Senior Data Engineer,5,23.2L,16.6L,30.9L,5
1440,Senior Data Engineer,2,22.5L,20.1L,24.0L,5
1441,Senior Data Engineer,3,17.3L,10.4L,23.1L,5
1442,Senior Data Engineer,6,68.3L,20.0L,94.0L,5
1443,Senior Data Engineer,5,19.5L,15.0L,21.7L,5
1444,Senior Data Engineer,4,15.5L,13.5L,17.5L,5
1445,Senior Data Engineer,3,11.7L,10.0L,15.0L,5
1446,Senior Data Engineer,3,20.0L,16.5L,24.5L,5
1447,Senior Data Engineer,3,3.4L,2.5L,4.3L,5
1448,Senior Data Engineer,4,16.9L,14.5L,19.0L,5
1449,Senior Data Engineer,5,18.7L,14.2L,23.5L,5
1450,Senior Data Engineer,7,22.2L,14.0L,27.0L,5
1451,Senior Data Engineer,7,29.9L,24.0L,39.0L,5
1452,Senior Data Engineer,8,15.2L,13.5L,16.3L,5
1453,Senior Data Engineer,4,13.7L,10.5L,16.5L,5
1454,Senior Data Engineer,5,12.0L,6.5L,15.4L,5
1455,Senior Data Engineer,7,21.9L,12.5L,34.5L,5
1456,Senior Data Engineer,4,13.8L,9.0L,17.0L,5
1457,Senior Data Engineer,4,19.4L,12.0L,27.0L,5
1458,Senior Data Engineer,5,16.1L,12.0L,20.0L,5
1459,Senior Data Engineer,3,26.2L,11.5L,60.0L,5
1460,Senior Data Engineer,4,8.9L,5.3L,13.0L,5
1461,Senior Data Engineer,4,12.5L,10.4L,17.4L,5
1462,Senior Data Engineer,7,66.3L,34.5L,93.0L,5
1463,Senior Data Engineer,5,11.2L,9.0L,14.5L,5
1464,Senior Data Engineer,4,16.9L,6.8L,20.0L,5
1465,Senior Data Engineer,4,20.0L,16.0L,25.0L,5
1466,Senior Data Engineer,3,15.2L,13.8L,16.4L,5
1467,Senior Data Engineer,6,19.3L,18.3L,21.0L,5
1468,Senior Data Engineer,5,28.2L,22.0L,32.0L,5
1469,Senior Data Engineer,4,10.3L,9.6L,10.8L,4
1470,Senior Data Engineer,5,19.9L,15.0L,25.0L,4
1471,Senior Data Engineer,2,14.2L,6.7L,20.0L,4
1472,Senior Data Engineer,2,18.9L,11.8L,26.0L,4
1473,Senior Data Engineer,3,18.7L,13.0L,23.6L,4
1474,Senior Data Engineer,7,25.7L,24.0L,28.9L,4
1475,Senior Data Engineer,7,27.6L,18.0L,32.0L,4
1476,Senior Data Engineer,8,15.4L,11.0L,22.0L,4
1477,Senior Data Engineer,8,23.8L,16.5L,26.8L,4
1478,Senior Data Engineer,4,20.5L,15.0L,23.0L,4
1479,Senior Data Engineer,4,12.7L,9.0L,16.0L,4
1480,Senior Data Engineer,4,14.3L,9.4L,18.4L,4
1481,Senior Data Engineer,5,19.5L,14.1L,25.0L,4
1482,Senior Data Engineer,5,21.8L,16.4L,25.0L,4
1483,Senior Data Engineer,9,20.0L,19.0L,21.0L,4
1484,Senior Data Engineer,3,10.3L,8.5L,15.7L,4
1485,Senior Data Engineer,5,33.1L,23.5L,43.0L,4
1486,Senior Data Engineer,6,20.1L,12.0L,23.8L,4
1487,Senior Data Engineer,4,9.9L,8.5L,12.0L,4
1488,Senior Data Engineer,4,14.3L,11.6L,19.0L,4
1489,Senior Data Engineer,8,18.4L,13.0L,22.8L,4
1490,Senior Data Engineer,6,18.2L,14.0L,20.0L,4
1491,Senior Data Engineer,5,24.1L,21.8L,25.1L,4
1492,Senior Data Engineer,8,20.3L,17.0L,24.0L,4
1493,Machine Learning Engineer,1,5.8L,4.0L,9.3L,193
1494,Machine Learning Engineer,1,11.2L,7.4L,15.0L,174
1495,Machine Learning Engineer,2,9.9L,5.4L,15.2L,61
1496,Machine Learning Engineer,1,5.9L,3.5L,13.0L,45
1497,Machine Learning Engineer,0,13.6L,9.0L,22.0L,37
1498,Machine Learning Engineer,2,6.3L,4.5L,12.1L,29
1499,Machine Learning Engineer,2,6.7L,4.3L,14.7L,28
1500,Machine Learning Engineer,1,8.0L,4.0L,15.2L,28
1501,Machine Learning Engineer,0,8.3L,4.2L,14.0L,21
1502,Machine Learning Engineer,1,7.3L,3.9L,16.2L,20
1503,Machine Learning Engineer,3,9.3L,4.5L,13.2L,18
1504,Machine Learning Engineer,2,13.7L,8.3L,21.0L,14
1505,Machine Learning Engineer,1,12.5L,4.2L,28.5L,13
1506,Machine Learning Engineer,0,19.4L,12.0L,29.8L,12
1507,Machine Learning Engineer,0,5.6L,3.5L,8.5L,11
1508,Machine Learning Engineer,1,5.3L,3.5L,7.0L,10
1509,Machine Learning Engineer,0,5.1L,4.0L,9.0L,9
1510,Machine Learning Engineer,2,11.8L,7.5L,16.0L,9
1511,Machine Learning Engineer,1,17.4L,11.0L,25.0L,9
1512,Machine Learning Engineer,2,7.3L,4.0L,11.0L,8
1513,Machine Learning Engineer,2,6.7L,5.0L,9.0L,8
1514,Machine Learning Engineer,2,9.2L,5.5L,15.0L,8
1515,Machine Learning Engineer,3,9.3L,4.5L,13.5L,8
1516,Machine Learning Engineer,0,4.5L,2.1L,7.0L,7
1517,Machine Learning Engineer,1,9.4L,7.0L,16.5L,7
1518,Machine Learning Engineer,3,16.9L,13.0L,22.0L,7
1519,Machine Learning Engineer,0,5.1L,2.0L,8.4L,7
1520,Machine Learning Engineer,0,10.9L,6.7L,16.8L,7
1521,Machine Learning Engineer,0,9.6L,7.0L,12.0L,6
1522,Machine Learning Engineer,1,5.3L,4.4L,7.0L,6
1523,Machine Learning Engineer,1,3.7L,3.1L,4.5L,6
1524,Machine Learning Engineer,1,3.6L,3.3L,4.3L,6
1525,Machine Learning Engineer,0,5.8L,5.0L,7.0L,6
1526,Machine Learning Engineer,1,20.7L,20.0L,22.0L,6
1527,Machine Learning Engineer,0,16.8L,14.0L,21.5L,6
1528,Machine Learning Engineer,1,6.1L,2.3L,10.0L,5
1529,Machine Learning Engineer,1,3.6L,3.0L,4.5L,5
1530,Machine Learning Engineer,1,4.7L,2.8L,7.0L,5
1531,Machine Learning Engineer,5,12.1L,11.2L,13.0L,5
1532,Machine Learning Engineer,3,19.4L,9.0L,29.1L,5
1533,Machine Learning Engineer,2,11.9L,6.2L,18.5L,5
1534,Machine Learning Engineer,1,7.4L,5.9L,9.0L,5
1535,Machine Learning Engineer,0,6.3L,4.5L,10.0L,5
1536,Machine Learning Engineer,1,4.8L,4.2L,5.3L,5
1537,Machine Learning Engineer,0,9.1L,6.0L,14.8L,5
1538,Machine Learning Engineer,2,6.6L,3.0L,10.0L,5
1539,Machine Learning Engineer,3,11.7L,6.0L,16.0L,5
1540,Machine Learning Engineer,4,19.4L,15.0L,25.0L,5
1541,Machine Learning Engineer,0,3.7L,3.0L,4.2L,5
1542,Machine Learning Engineer,1,5.1L,3.5L,7.2L,5
1543,Machine Learning Engineer,1,4.4L,3.0L,5.8L,5
1544,Machine Learning Engineer,6,24.8L,24.0L,26.0L,5
1545,Machine Learning Engineer,1,12.6L,9.0L,16.0L,5
1546,Machine Learning Engineer,5,16.1L,15.0L,18.0L,4
1547,Machine Learning Engineer,1,10.9L,6.0L,25.0L,4
1548,Machine Learning Engineer,2,23.3L,7.0L,40.0L,4
1549,Machine Learning Engineer,1,5.1L,3.1L,8.0L,4
1550,Machine Learning Engineer,4,10.0L,7.0L,14.0L,4
1551,Machine Learning Engineer,1,14.4L,10.5L,16.1L,4
1552,Data Architect,8,24.6L,15.8L,33.0L,55
1553,Data Architect,8,19.9L,13.0L,30.0L,49
1554,Data Architect,3,11.2L,8.4L,18.4L,47
1555,Data Architect,10,19.6L,13.5L,29.0L,44
1556,Data Architect,10,19.6L,15.0L,25.5L,42
1557,Data Architect,8,20.2L,13.0L,27.5L,29
1558,Data Architect,4,21.2L,15.5L,32.0L,21
1559,Data Architect,10,22.6L,16.0L,32.0L,19
1560,Data Architect,13,17.3L,11.2L,25.0L,12
1561,Data Architect,13,23.1L,16.6L,31.0L,10
1562,Data Architect,9,26.8L,16.0L,45.0L,9
1563,Data Architect,9,32.6L,30.0L,37.0L,8
1564,Data Architect,8,23.9L,17.0L,30.6L,8
1565,Data Architect,13,19.8L,11.9L,32.0L,8
1566,Data Architect,8,35.1L,27.0L,45.0L,8
1567,Data Architect,7,26.1L,15.0L,37.0L,7
1568,Data Architect,8,23.5L,20.0L,27.7L,6
1569,Data Architect,11,27.6L,21.2L,32.3L,6
1570,Data Architect,10,33.6L,26.1L,49.0L,6
1571,Data Architect,11,25.5L,25.0L,26.3L,6
1572,Data Architect,14,19.8L,15.5L,24.0L,5
1573,Data Architect,12,22.8L,17.2L,35.7L,5
1574,Data Architect,9,22.5L,21.0L,26.7L,5
1575,Data Architect,15,30.4L,30.0L,30.7L,5
1576,Data Architect,8,17.5L,12.8L,26.5L,5
1577,Data Architect,10,25.8L,21.3L,30.0L,5
1578,Data Architect,8,28.6L,25.0L,34.0L,5
1579,Data Architect,5,12.5L,9.9L,16.1L,5
1580,Data Architect,10,20.5L,17.5L,23.0L,5
1581,Data Architect,13,20.9L,14.0L,32.0L,5
1582,Data Architect,8,21.6L,13.0L,32.0L,5
1583,Data Architect,12,27.6L,26.5L,29.0L,4
1584,Data Architect,14,35.7L,33.6L,38.0L,4
1585,Data Architect,8,50.6L,23.4L,93.0L,4
1586,Data Architect,9,19.0L,19.0L,19.0L,4
1587,Data Architect,5,12.0L,7.5L,18.0L,4
1588,Data Architect,6,33.1L,19.0L,42.5L,4
1589,Data Architect,10,25.5L,22.7L,28.5L,4
1590,Data Architect,11,24.8L,20.5L,33.5L,4
1591,Data Architect,14,29.8L,26.1L,31.0L,4
1592,Data Architect,7,36.5L,14.0L,102.0L,4
1593,Data Architect,14,28.3L,25.0L,38.0L,4
1594,Data Architect,13,29.8L,20.0L,37.0L,4
1595,Data Architect,12,29.0L,19.8L,40.0L,4
1596,Data Architect,12,21.8L,17.0L,29.0L,4
1597,Data Architect,8,17.0L,12.0L,23.1L,4
1598,Data Architect,7,27.1L,18.5L,39.0L,4
1599,Data Architect,21,40.0L,25.0L,50.0L,3
1600,Data Architect,7,16.7L,14.9L,19.0L,3
1601,Data Architect,16,33.3L,33.0L,34.0L,3
